# Host: localhost  (Version 5.5.53)
# Date: 2020-01-15 18:55:43
# Generator: MySQL-Front 6.0  (Build 1.57)


#
# Structure for table "comment"
#

DROP TABLE IF EXISTS `comment`;
CREATE TABLE `comment` (
  `Id` int(11) NOT NULL AUTO_INCREMENT,
  `Openid` varchar(255) CHARACTER SET utf8 DEFAULT NULL COMMENT '用户的Id号',
  `c_Content` varchar(2000) CHARACTER SET utf8 DEFAULT NULL COMMENT '留言内容',
  `Contentid` varchar(255) CHARACTER SET utf8 DEFAULT NULL COMMENT '内容的Path地址',
  `time` timestamp NULL DEFAULT CURRENT_TIMESTAMP COMMENT '评论时间',
  PRIMARY KEY (`Id`)
) ENGINE=InnoDB AUTO_INCREMENT=193 DEFAULT CHARSET=utf8mb4 COMMENT='评论表';

#
# Data for table "comment"
#

INSERT INTO `comment` VALUES (1,'orV9X45C-OqxGFlGkf7NXV2j3MZQ','666666666666666666',NULL,'2020-01-14 15:25:21'),(2,'orV9X45C-OqxGFlGkf7NXV2j3MZQ','666666666666666666',NULL,'2020-01-14 15:25:21'),(3,'orV9X45C-OqxGFlGkf7NXV2j3MZQ','666666666666666666',NULL,'2020-01-14 15:25:21'),(4,'orV9X45C-OqxGFlGkf7NXV2j3MZQ','666666666666666666',NULL,'2020-01-14 15:25:21'),(5,'orV9X45C-OqxGFlGkf7NXV2j3MZQ','666666666666666666',NULL,'2020-01-14 15:25:21'),(6,'orV9X45C-OqxGFlGkf7NXV2j3MZQ','666666666666666666',NULL,'2020-01-14 15:25:21'),(7,'orV9X45C-OqxGFlGkf7NXV2j3MZQ','666666666666666666',NULL,'2020-01-14 15:25:21'),(8,'oPf5s5YbgGEabOvOyiSqZhSeXl18','哈哈哈','1','2020-01-14 15:25:22'),(9,'orV9X45C-OqxGFlGkf7NXV2j3MZQ','666666666666666666',NULL,'2020-01-14 15:25:23'),(10,'orV9X45C-OqxGFlGkf7NXV2j3MZQ','666666666666666666',NULL,'2020-01-14 15:25:23'),(11,'orV9X45C-OqxGFlGkf7NXV2j3MZQ','666666666666666666',NULL,'2020-01-14 15:25:24'),(12,'orV9X45C-OqxGFlGkf7NXV2j3MZQ','666666666666666666',NULL,'2020-01-14 15:25:24'),(13,'oPDXz5GAAJYEjedQ4SiHor80KlMM','giao','','2020-01-14 15:25:49'),(14,'oPf5s5YbgGEabOvOyiSqZhSeXl18','哈哈哈','1','2020-01-14 15:25:50'),(15,'oPf5s5YbgGEabOvOyiSqZhSeXl18','哈哈哈','1','2020-01-14 15:25:53'),(16,'ozZF85X6ncQ1dZPsTeZ6VufJ7XPc','灭鼠大队',NULL,'2020-01-14 15:26:16'),(17,'orV9X45C-OqxGFlGkf7NXV2j3MZQ','132312314124','1','2020-01-14 15:26:37'),(18,'o_3XF5H3yqpBc21KCjIstjT2E43I','wwww',NULL,'2020-01-14 15:26:37'),(19,'orV9X45C-OqxGFlGkf7NXV2j3MZQ','11','1','2020-01-14 15:26:54'),(20,'onxf_41yKoci4uoSaQNVaCezXC8Y','啊啊啊啊啊啊啊啊啊啊啊啊啊啊啊啊啊啊啊','1','2020-01-14 15:27:19'),(21,'o4S155MVJjv5p1RdVpJ4u-hGl_sM','11111啦啦啦啦',NULL,'2020-01-14 15:28:07'),(22,'oLIav4uxUi3F2mLLkCVVFm0W29JY','fffff','5','2020-01-14 15:28:12'),(23,'oYOlO5e-nyptOuXb4R4pVlKoJTLQ',NULL,NULL,'2020-01-14 15:28:30'),(24,'oP6X25RERE3BdnueVMjr0DKlt-lY',NULL,NULL,'2020-01-14 15:28:47'),(25,'oWhab5dh35w0tt5ukOaaEAS5uzdo',NULL,NULL,'2020-01-14 15:29:10'),(26,'oiOQF5mSeMxy26pPuh-Iaerr0oeE','一：“我是辽宁朝阳冬泳怪鸽，我这个人很怪，41的脚穿45的鞋，一年四季不穿袜子。“\n\n二：“话说人要成仙，必先疯癫。当你不顾一切的努力，被别人误认为精神病的时候，你就离成功不远了！”\n\n三：”健身是最光荣的事情，只要我们不缺德不犯法，你就选择你喜欢的事情，一直的做下去吧！“','1','2020-01-14 15:29:17'),(27,'oiOQF5mSeMxy26pPuh-Iaerr0oeE','一：“我是辽宁朝阳冬泳怪鸽，我这个人很怪，41的脚穿45的鞋，一年四季不穿袜子。“\n\n二：“话说人要成仙，必先疯癫。当你不顾一切的努力，被别人误认为精神病的时候，你就离成功不远了！”\n\n三：”健身是最光荣的事情，只要我们不缺德不犯法，你就选择你喜欢的事情，一直的做下去吧！“','1','2020-01-14 15:29:19'),(28,'oiOQF5mSeMxy26pPuh-Iaerr0oeE','一：“我是辽宁朝阳冬泳怪鸽，我这个人很怪，41的脚穿45的鞋，一年四季不穿袜子。“\n\n二：“话说人要成仙，必先疯癫。当你不顾一切的努力，被别人误认为精神病的时候，你就离成功不远了！”\n\n三：”健身是最光荣的事情，只要我们不缺德不犯法，你就选择你喜欢的事情，一直的做下去吧！“','1','2020-01-14 15:29:19'),(29,'oiOQF5mSeMxy26pPuh-Iaerr0oeE','一：“我是辽宁朝阳冬泳怪鸽，我这个人很怪，41的脚穿45的鞋，一年四季不穿袜子。“\n\n二：“话说人要成仙，必先疯癫。当你不顾一切的努力，被别人误认为精神病的时候，你就离成功不远了！”\n\n三：”健身是最光荣的事情，只要我们不缺德不犯法，你就选择你喜欢的事情，一直的做下去吧！“','1','2020-01-14 15:29:20'),(30,'oiOQF5mSeMxy26pPuh-Iaerr0oeE','一：“我是辽宁朝阳冬泳怪鸽，我这个人很怪，41的脚穿45的鞋，一年四季不穿袜子。“\n\n二：“话说人要成仙，必先疯癫。当你不顾一切的努力，被别人误认为精神病的时候，你就离成功不远了！”\n\n三：”健身是最光荣的事情，只要我们不缺德不犯法，你就选择你喜欢的事情，一直的做下去吧！“','1','2020-01-14 15:29:20'),(31,'oYOlO5e-nyptOuXb4R4pVlKoJTLQ',NULL,NULL,'2020-01-14 15:29:39'),(32,'oiOQF5mSeMxy26pPuh-Iaerr0oeE','一：“我是辽宁朝阳冬泳怪鸽，我这个人很怪，41的脚穿45的鞋，一年四季不穿袜子。“\n\n二：“话说人要成仙，必先疯癫。当你不顾一切的努力，被别人误认为精神病的时候，你就离成功不远了！”\n\n三：”健身是最光荣的事情，只要我们不缺德不犯法，你就选择你喜欢的事情，一直的做下去吧！“','1','2020-01-14 15:29:51'),(33,'oiOQF5mSeMxy26pPuh-Iaerr0oeE','一：“我是辽宁朝阳冬泳怪鸽，我这个人很怪，41的脚穿45的鞋，一年四季不穿袜子。“\n\n二：“话说人要成仙，必先疯癫。当你不顾一切的努力，被别人误认为精神病的时候，你就离成功不远了！”\n\n三：”健身是最光荣的事情，只要我们不缺德不犯法，你就选择你喜欢的事情，一直的做下去吧！“','1','2020-01-14 15:29:51'),(34,'oiOQF5mSeMxy26pPuh-Iaerr0oeE','一：“我是辽宁朝阳冬泳怪鸽，我这个人很怪，41的脚穿45的鞋，一年四季不穿袜子。“\n\n二：“话说人要成仙，必先疯癫。当你不顾一切的努力，被别人误认为精神病的时候，你就离成功不远了！”\n\n三：”健身是最光荣的事情，只要我们不缺德不犯法，你就选择你喜欢的事情，一直的做下去吧！“','1','2020-01-14 15:29:53'),(35,'oiOQF5mSeMxy26pPuh-Iaerr0oeE','一：“我是辽宁朝阳冬泳怪鸽，我这个人很怪，41的脚穿45的鞋，一年四季不穿袜子。“\n\n二：“话说人要成仙，必先疯癫。当你不顾一切的努力，被别人误认为精神病的时候，你就离成功不远了！”\n\n三：”健身是最光荣的事情，只要我们不缺德不犯法，你就选择你喜欢的事情，一直的做下去吧！“','1','2020-01-14 15:29:53'),(36,'oiOQF5mSeMxy26pPuh-Iaerr0oeE','一：“我是辽宁朝阳冬泳怪鸽，我这个人很怪，41的脚穿45的鞋，一年四季不穿袜子。“\n\n二：“话说人要成仙，必先疯癫。当你不顾一切的努力，被别人误认为精神病的时候，你就离成功不远了！”\n\n三：”健身是最光荣的事情，只要我们不缺德不犯法，你就选择你喜欢的事情，一直的做下去吧！“','1','2020-01-14 15:29:55'),(37,'oiOQF5mSeMxy26pPuh-Iaerr0oeE','一：“我是辽宁朝阳冬泳怪鸽，我这个人很怪，41的脚穿45的鞋，一年四季不穿袜子。“\n\n二：“话说人要成仙，必先疯癫。当你不顾一切的努力，被别人误认为精神病的时候，你就离成功不远了！”\n\n三：”健身是最光荣的事情，只要我们不缺德不犯法，你就选择你喜欢的事情，一直的做下去吧！“','1','2020-01-14 15:29:55'),(38,'oP6X25RERE3BdnueVMjr0DKlt-lY',NULL,NULL,'2020-01-14 15:30:18'),(39,'o_3XF5H3yqpBc21KCjIstjT2E43I','哈哈哈哈哈哈哈哈哈哈或或或或或或或或或或或或或或或或或或或或或或或或或或或或或或或或或或或或或或或或或或或或或或或或或或或或或或','1','2020-01-14 15:30:37'),(40,'oYOlO5e-nyptOuXb4R4pVlKoJTLQ',NULL,NULL,'2020-01-14 15:30:39'),(41,'oPf5s5YbgGEabOvOyiSqZhSeXl18','234234234234','1','2020-01-14 15:30:46'),(42,'orV9X45C-OqxGFlGkf7NXV2j3MZQ','679','1','2020-01-14 15:30:53'),(43,'oLIav4uxUi3F2mLLkCVVFm0W29JY','dasda','3','2020-01-14 15:31:07'),(44,'orV9X45C-OqxGFlGkf7NXV2j3MZQ','13123','1','2020-01-14 15:34:05'),(45,'oP6X25RERE3BdnueVMjr0DKlt-lY',NULL,NULL,'2020-01-14 16:05:17'),(46,'oWhab5dh35w0tt5ukOaaEAS5uzdo','你好','1','2020-01-14 16:07:36'),(47,'o5aX25a_L3GRfMc0x88Qrs5Ch3GA','海南菠萝',NULL,'2020-01-14 16:10:47'),(48,'o5aX25a_L3GRfMc0x88Qrs5Ch3GA','海南菠萝',NULL,'2020-01-14 16:10:52'),(49,'o_3XF5H3yqpBc21KCjIstjT2E43I','1','1','2020-01-14 16:11:51'),(50,'oHpgp465vpdkN9xIClfG-qkSPp54',NULL,'1','2020-01-14 16:13:35'),(51,'oHpgp465vpdkN9xIClfG-qkSPp54',NULL,'1','2020-01-14 16:13:36'),(52,'oHpgp465vpdkN9xIClfG-qkSPp54',NULL,'1','2020-01-14 16:13:41'),(53,'oWhab5dh35w0tt5ukOaaEAS5uzdo','我喜欢发微信','1','2020-01-14 16:14:05'),(54,'oWhab5dh35w0tt5ukOaaEAS5uzdo','我喜欢发微信','3','2020-01-14 16:15:01'),(55,'oWhab5dh35w0tt5ukOaaEAS5uzdo','我喜欢发微信','3','2020-01-14 16:15:10'),(56,'oP6X25RERE3BdnueVMjr0DKlt-lY',NULL,NULL,'2020-01-14 16:16:44'),(57,'oP6X25RERE3BdnueVMjr0DKlt-lY',NULL,NULL,'2020-01-14 16:17:54'),(58,'oPf5s5YbgGEabOvOyiSqZhSeXl18','1234','1','2020-01-14 16:22:09'),(59,'o4S155MVJjv5p1RdVpJ4u-hGl_sM','11111',NULL,'2020-01-14 16:23:01'),(60,'olZ8C5Wu4gKkj8yPtzYyne0Y-FvI','啦啦啦啦啦啦','4','2020-01-14 16:23:24'),(61,'oPf5s5YbgGEabOvOyiSqZhSeXl18','1234','1','2020-01-14 16:24:25'),(62,'oPf5s5YbgGEabOvOyiSqZhSeXl18','1234234234234','1','2020-01-14 16:24:30'),(63,'oPf5s5YbgGEabOvOyiSqZhSeXl18','1234234234234345345435','1','2020-01-14 16:24:34'),(64,'oPf5s5YbgGEabOvOyiSqZhSeXl18','1234234234234345345435234234234','1','2020-01-14 16:24:37'),(65,'oPf5s5YbgGEabOvOyiSqZhSeXl18','234234234','3','2020-01-14 16:24:48'),(66,'oPf5s5YbgGEabOvOyiSqZhSeXl18','234234234','5','2020-01-14 16:24:57'),(67,'oPf5s5YbgGEabOvOyiSqZhSeXl18','23423423434234','5','2020-01-14 16:25:00'),(68,'oLIav4uxUi3F2mLLkCVVFm0W29JY','2222','5','2020-01-14 16:26:32'),(69,'oYOlO5e-nyptOuXb4R4pVlKoJTLQ',NULL,NULL,'2020-01-14 16:27:08'),(70,'olZ8C5Wu4gKkj8yPtzYyne0Y-FvI','41324124','6','2020-01-14 16:27:55'),(71,'olZ8C5Wu4gKkj8yPtzYyne0Y-FvI','324214','2','2020-01-14 16:28:14'),(72,'olZ8C5Wu4gKkj8yPtzYyne0Y-FvI','134124','1','2020-01-14 16:28:31'),(73,'oP6X25RERE3BdnueVMjr0DKlt-lY','22222222222222222','4','2020-01-14 16:29:46'),(74,'o4S155MVJjv5p1RdVpJ4u-hGl_sM','dddd',NULL,'2020-01-14 16:32:12'),(75,'oP6X25RERE3BdnueVMjr0DKlt-lY','22222222222222222222','4','2020-01-14 16:32:59'),(76,'orV9X45C-OqxGFlGkf7NXV2j3MZQ','13131','1','2020-01-14 16:33:05'),(77,'oYOlO5e-nyptOuXb4R4pVlKoJTLQ',NULL,NULL,'2020-01-14 16:33:40'),(78,'oHpgp465vpdkN9xIClfG-qkSPp54',NULL,'1','2020-01-14 16:33:56'),(79,'o4S155MVJjv5p1RdVpJ4u-hGl_sM','ggggg',NULL,'2020-01-14 16:34:13'),(80,'oHpgp465vpdkN9xIClfG-qkSPp54',NULL,'4','2020-01-14 16:34:16'),(81,'oLIav4uxUi3F2mLLkCVVFm0W29JY','fdfds','4','2020-01-14 16:35:28'),(82,'olZ8C5Wu4gKkj8yPtzYyne0Y-FvI','2222222','1','2020-01-14 16:35:34'),(83,'oYOlO5e-nyptOuXb4R4pVlKoJTLQ',NULL,NULL,'2020-01-14 16:35:40'),(84,'o4S155MVJjv5p1RdVpJ4u-hGl_sM','1111','4','2020-01-14 16:36:17'),(85,'oP6X25RERE3BdnueVMjr0DKlt-lY','222222222','4','2020-01-14 16:36:42'),(86,NULL,'hjhhjh','4','2020-01-14 16:36:58'),(87,'oHpgp465vpdkN9xIClfG-qkSPp54','21232142134','5','2020-01-14 16:37:14'),(88,'oiOQF5mSeMxy26pPuh-Iaerr0oeE','来来来','1','2020-01-14 16:37:15'),(89,NULL,'yyyy','4','2020-01-14 16:37:17'),(90,'o5aX25a_L3GRfMc0x88Qrs5Ch3GA','11',NULL,'2020-01-14 16:38:07'),(91,'oflUa4wsPrXVXUlJRutdOgxcv-4Q','312312312','1','2020-01-14 16:38:39'),(92,'o_3XF5H3yqpBc21KCjIstjT2E43I','aaa','1','2020-01-14 16:39:28'),(93,NULL,'jhj','1','2020-01-14 16:40:18'),(94,'oflUa4wsPrXVXUlJRutdOgxcv-4Q','312312312','1','2020-01-14 16:40:25'),(95,'oP6X25RERE3BdnueVMjr0DKlt-lY','22222222222222222223333333333333333','4','2020-01-14 16:41:09'),(96,'oPf5s5YbgGEabOvOyiSqZhSeXl18','123123','1','2020-01-14 16:41:39'),(97,'oPf5s5YbgGEabOvOyiSqZhSeXl18','12312345645654','1','2020-01-14 16:41:45'),(98,'oPf5s5YbgGEabOvOyiSqZhSeXl18','12312345645654345345','1','2020-01-14 16:41:52'),(99,'oPf5s5YbgGEabOvOyiSqZhSeXl18','4645645646456456','4','2020-01-14 16:42:07'),(100,'o_3XF5H3yqpBc21KCjIstjT2E43I','aaa','1','2020-01-14 16:42:19'),(101,'oPf5s5YbgGEabOvOyiSqZhSeXl18','464566756ertert7','4','2020-01-14 16:42:24'),(102,'oPf5s5YbgGEabOvOyiSqZhSeXl18','234234','9','2020-01-14 16:43:14'),(103,'oPf5s5YbgGEabOvOyiSqZhSeXl18','234234456456','9','2020-01-14 16:43:21'),(104,'oPf5s5YbgGEabOvOyiSqZhSeXl18','234234456456456','9','2020-01-14 16:43:25'),(105,'oP6X25RERE3BdnueVMjr0DKlt-lY','2315467854564546','4','2020-01-14 16:43:29'),(106,'oPf5s5YbgGEabOvOyiSqZhSeXl18','453345','10','2020-01-14 16:43:33'),(107,'oflUa4wsPrXVXUlJRutdOgxcv-4Q','哈哈哈哈哈','1','2020-01-14 16:43:35'),(108,'o_3XF5H3yqpBc21KCjIstjT2E43I','1','1','2020-01-14 16:44:06'),(109,'o_3XF5H3yqpBc21KCjIstjT2E43I','1','1','2020-01-14 16:44:06'),(110,'oflUa4wsPrXVXUlJRutdOgxcv-4Q','3213123123','1','2020-01-14 16:44:51'),(111,'orV9X45C-OqxGFlGkf7NXV2j3MZQ','13232222222222222222222222222222222222222222222222222222222222222222222222222222222222222222222222222222222222222222222222222','1','2020-01-14 16:46:34'),(112,'oP6X25RERE3BdnueVMjr0DKlt-lY','22222222222222222','4','2020-01-14 16:46:59'),(113,'oPDXz5GAAJYEjedQ4SiHor80KlMM','null','1','2020-01-14 16:48:37'),(114,'oPf5s5YbgGEabOvOyiSqZhSeXl18','234234','1','2020-01-14 16:49:02'),(115,'oPf5s5YbgGEabOvOyiSqZhSeXl18','234234345345','1','2020-01-14 16:49:04'),(116,'oPf5s5YbgGEabOvOyiSqZhSeXl18','234234345343454355','1','2020-01-14 16:50:01'),(117,'oP6X25RERE3BdnueVMjr0DKlt-lY','大家','3','2020-01-14 16:50:50'),(118,'oPf5s5YbgGEabOvOyiSqZhSeXl18','234234','1','2020-01-14 16:52:31'),(119,'oLIav4uxUi3F2mLLkCVVFm0W29JY','','1','2020-01-14 16:52:33'),(120,'oPf5s5YbgGEabOvOyiSqZhSeXl18','234234345345','1','2020-01-14 16:52:33'),(121,'oWIyf4qzN4ZWvwLR-A98ayGku9lc','12321','1','2020-01-14 16:52:59'),(122,'onxf_41yKoci4uoSaQNVaCezXC8Y','吼啊','1','2020-01-14 16:53:41'),(123,'o4S155MVJjv5p1RdVpJ4u-hGl_sM','111xvde','11','2020-01-14 16:53:51'),(124,'oYOlO5e-nyptOuXb4R4pVlKoJTLQ',NULL,'1','2020-01-14 16:54:49'),(125,'oYOlO5e-nyptOuXb4R4pVlKoJTLQ',NULL,'1','2020-01-14 16:55:18'),(126,'oYOlO5e-nyptOuXb4R4pVlKoJTLQ',NULL,'1','2020-01-14 16:55:18'),(127,'oYOlO5e-nyptOuXb4R4pVlKoJTLQ',NULL,'1','2020-01-14 16:55:18'),(128,'o_3XF5H3yqpBc21KCjIstjT2E43I','1ssss','1','2020-01-14 16:55:18'),(129,'oYOlO5e-nyptOuXb4R4pVlKoJTLQ',NULL,'1','2020-01-14 16:55:30'),(130,'oYOlO5e-nyptOuXb4R4pVlKoJTLQ',NULL,'1','2020-01-14 16:56:17'),(131,'o_3XF5H3yqpBc21KCjIstjT2E43I','aaaaaxx','1','2020-01-14 16:56:26'),(132,'o_3XF5H3yqpBc21KCjIstjT2E43I','aaaaaxx','1','2020-01-14 16:56:29'),(133,'oflUa4wsPrXVXUlJRutdOgxcv-4Q','31231312','1','2020-01-14 16:56:49'),(134,'oYOlO5e-nyptOuXb4R4pVlKoJTLQ',NULL,'1','2020-01-14 16:58:16'),(135,'oflUa4wsPrXVXUlJRutdOgxcv-4Q','3123123','3','2020-01-14 16:59:53'),(136,'oflUa4wsPrXVXUlJRutdOgxcv-4Q','312312','1','2020-01-14 17:00:02'),(137,'oflUa4wsPrXVXUlJRutdOgxcv-4Q','312312','1','2020-01-14 17:00:05'),(138,'oYOlO5e-nyptOuXb4R4pVlKoJTLQ','wd','2','2020-01-14 17:00:13'),(139,'oYOlO5e-nyptOuXb4R4pVlKoJTLQ','我来了','12','2020-01-14 17:00:49'),(140,'o_3XF5H3yqpBc21KCjIstjT2E43I','aaaaaxx','1','2020-01-14 17:00:51'),(141,'o_3XF5H3yqpBc21KCjIstjT2E43I','0','5','2020-01-14 17:01:16'),(142,'oPf5s5YbgGEabOvOyiSqZhSeXl18','werwer','1','2020-01-14 17:03:10'),(143,'oflUa4wsPrXVXUlJRutdOgxcv-4Q','312312','1','2020-01-14 17:04:01'),(144,'onxf_41yKoci4uoSaQNVaCezXC8Y','嘿嘿嘿','1','2020-01-14 17:04:12'),(145,'oflUa4wsPrXVXUlJRutdOgxcv-4Q','312312','1','2020-01-14 17:04:44'),(146,'oYOlO5e-nyptOuXb4R4pVlKoJTLQ','已大大科瑞马氏','11','2020-01-14 17:06:10'),(147,'o_3XF5H3yqpBc21KCjIstjT2E43I','1','1','2020-01-14 17:06:58'),(148,NULL,'憨憨落泪','5','2020-01-14 17:09:47'),(149,'o_3XF5H3yqpBc21KCjIstjT2E43I','','1','2020-01-14 17:13:06'),(150,'oflUa4wsPrXVXUlJRutdOgxcv-4Q','3123123123','1','2020-01-14 17:13:41'),(151,'o_3XF5H3yqpBc21KCjIstjT2E43I','','1','2020-01-14 17:14:05'),(152,'ozZF85X6ncQ1dZPsTeZ6VufJ7XPc','灭鼠大队','9','2020-01-14 17:14:29'),(153,'o4S155MVJjv5p1RdVpJ4u-hGl_sM','11111','1','2020-01-14 17:17:07'),(154,'oflUa4wsPrXVXUlJRutdOgxcv-4Q','3213123','1','2020-01-14 17:18:47'),(155,'oflUa4wsPrXVXUlJRutdOgxcv-4Q','3213123','1','2020-01-14 17:20:27'),(156,'o4S155MVJjv5p1RdVpJ4u-hGl_sM','哈哈哈哈哈哈哈哈哈哈或或或或或或或或或或或或或或或或或或或或或或或或或或或或或或或或或或或或或或或或或或或或或或或或或或或','8','2020-01-14 17:21:05'),(157,NULL,'过年换新机，首选oppo拍照神器','12','2020-01-14 17:23:45'),(158,'oflUa4wsPrXVXUlJRutdOgxcv-4Q','3123123','1','2020-01-14 17:47:52'),(159,'oflUa4wsPrXVXUlJRutdOgxcv-4Q','3123123','1','2020-01-14 17:48:08'),(160,'oflUa4wsPrXVXUlJRutdOgxcv-4Q','3123123','1','2020-01-14 17:54:38'),(161,'oflUa4wsPrXVXUlJRutdOgxcv-4Q','','1','2020-01-14 18:01:37'),(162,'oflUa4wsPrXVXUlJRutdOgxcv-4Q','','1','2020-01-14 18:01:39'),(163,'oflUa4wsPrXVXUlJRutdOgxcv-4Q','','1','2020-01-14 18:01:40'),(164,'oflUa4wsPrXVXUlJRutdOgxcv-4Q','','1','2020-01-14 18:01:41'),(165,'oPf5s5YbgGEabOvOyiSqZhSeXl18','234234','1','2020-01-14 18:13:41'),(166,'oPf5s5YbgGEabOvOyiSqZhSeXl18','123','2','2020-01-14 18:16:25'),(167,'oPf5s5YbgGEabOvOyiSqZhSeXl18','123123123123','2','2020-01-14 18:22:23'),(168,'oPDXz5GAAJYEjedQ4SiHor80KlMM','一giao窝里gioagiao','14','2020-01-15 10:28:06'),(169,'oPDXz5GAAJYEjedQ4SiHor80KlMM','','1','2020-01-15 10:36:59'),(170,'oPDXz5GAAJYEjedQ4SiHor80KlMM','','1','2020-01-15 10:37:08'),(171,'olZ8C5Wu4gKkj8yPtzYyne0Y-FvI','好得狠哪','6','2020-01-15 10:48:46'),(172,'o_3XF5H3yqpBc21KCjIstjT2E43I','哈哈哈','1','2020-01-15 11:03:33'),(173,'onxf_41yKoci4uoSaQNVaCezXC8Y','阿萨啊啊','1','2020-01-15 11:52:26'),(174,'onxf_41yKoci4uoSaQNVaCezXC8Y','呵呵呵呵','1','2020-01-15 13:56:21'),(175,'onxf_41yKoci4uoSaQNVaCezXC8Y','噔噔噔噔','1','2020-01-15 13:56:39'),(176,'onxf_41yKoci4uoSaQNVaCezXC8Y','楼下傻冒','1','2020-01-15 13:57:11'),(177,'oP6X25RERE3BdnueVMjr0DKlt-lY','11111','4','2020-01-15 13:58:10'),(178,NULL,'占个沙发','1','2020-01-15 15:48:16'),(179,NULL,'憨憨投降','12','2020-01-15 15:49:15'),(180,NULL,'小杨憨憨','9','2020-01-15 15:50:14'),(181,'oPf5s5YbgGEabOvOyiSqZhSeXl18','123123','19','2020-01-15 16:00:50'),(182,'oPf5s5YbgGEabOvOyiSqZhSeXl18','234234','20','2020-01-15 16:01:26'),(183,'oPf5s5YbgGEabOvOyiSqZhSeXl18','234234','17','2020-01-15 16:02:09'),(184,'oPf5s5YbgGEabOvOyiSqZhSeXl18','234234','16','2020-01-15 16:02:17'),(185,'oPf5s5YbgGEabOvOyiSqZhSeXl18','234234','15','2020-01-15 16:02:53'),(186,'ozZF85X6ncQ1dZPsTeZ6VufJ7XPc','灭鼠小分队','18','2020-01-15 16:04:32'),(187,'o4S155MVJjv5p1RdVpJ4u-hGl_sM','qqqqq','1','2020-01-15 16:07:29'),(188,'o_3XF5H3yqpBc21KCjIstjT2E43I','1','3','2020-01-15 16:09:20'),(189,'onxf_41yKoci4uoSaQNVaCezXC8Y','雷猴啊','4','2020-01-15 17:20:42'),(190,'onxf_41yKoci4uoSaQNVaCezXC8Y','红的破音破玩意我呸','3','2020-01-15 17:21:12'),(191,'onxf_41yKoci4uoSaQNVaCezXC8Y','饿很严重','5','2020-01-15 17:21:25'),(192,'onxf_41yKoci4uoSaQNVaCezXC8Y','嗯嗯嗯嗯嗯','5','2020-01-15 17:22:06');

#
# Structure for table "content"
#

DROP TABLE IF EXISTS `content`;
CREATE TABLE `content` (
  `Id` int(11) NOT NULL AUTO_INCREMENT,
  `Title` varchar(400) DEFAULT NULL COMMENT '标题',
  `Keywords` varchar(655) DEFAULT NULL COMMENT '关键字',
  `Description` varchar(1000) DEFAULT NULL COMMENT '描述',
  `Author` varchar(255) DEFAULT NULL COMMENT '作者',
  `Img` varchar(2550) DEFAULT NULL COMMENT '相关图片',
  `Content` text COMMENT '内容',
  `Status` varchar(255) DEFAULT '1' COMMENT '0表示禁用，1表示可用',
  `Navpath` varchar(1055) DEFAULT NULL COMMENT '这个内容的 栏目Path地址',
  `Date` timestamp NULL DEFAULT CURRENT_TIMESTAMP,
  `Type` varchar(255) DEFAULT NULL COMMENT '1表示普通内容，2表示热门内容，3表示推荐内容，4表示轮播图内容',
  PRIMARY KEY (`Id`)
) ENGINE=InnoDB AUTO_INCREMENT=24 DEFAULT CHARSET=utf8 COMMENT='内容表';

#
# Data for table "content"
#

INSERT INTO `content` VALUES (1,'呼猫找房','','','','[{\"fieldname\":\"Img\",\"originalname\":\"1557826413866692.jpg\",\"encoding\":\"7bit\",\"mimetype\":\"image/jpeg\",\"destination\":\"uploads/\",\"filename\":\"15788790713771557826413866692.jpg\",\"path\":\"uploads\\\\15788790713771557826413866692.jpg\",\"size\":214702}]','<p>呼猫找房呼猫找房呼猫找房呼猫找房呼猫找房呼猫找房呼猫找房呼猫找房呼猫找房呼猫找房呼猫找房呼猫找房呼猫找房呼猫找房呼猫找房呼猫找房呼猫找房呼猫找房呼猫找房呼猫找房呼猫找房呼猫找房呼猫找房呼猫找房呼猫找房呼猫找房呼猫找房呼猫找房呼猫找房呼猫找房呼猫找房呼猫找房呼猫找房呼猫找房呼猫找房呼猫找房呼猫找房呼猫找房呼猫找房呼猫找房呼猫找房呼猫找房呼猫找房呼猫找房呼猫找房呼猫找房呼猫找房呼猫找房呼猫找房呼猫找房呼猫找房呼猫找房呼猫找房呼猫找房呼猫找房呼猫找房呼猫找房呼猫找房呼猫找房呼猫找房呼猫找房呼猫找房呼猫找房呼猫找房呼猫找房呼猫找房呼猫找房呼猫找房呼猫找房呼猫找房呼猫找房呼猫找房呼猫找房呼猫找房呼猫找房呼猫找房呼猫找房呼猫找房呼猫找房呼猫找房呼猫找房呼猫找房呼猫找房呼猫找房呼猫找房呼猫找房呼猫找房呼猫找房呼猫找房</p>','1','0002,0001','2020-01-13 09:31:11','1'),(2,'全国两会','','','','[{\"fieldname\":\"Img\",\"originalname\":\"1553863911970974.jpg\",\"encoding\":\"7bit\",\"mimetype\":\"image/jpeg\",\"destination\":\"uploads/\",\"filename\":\"15788791389671553863911970974.jpg\",\"path\":\"uploads\\\\15788791389671553863911970974.jpg\",\"size\":148864}]','<p>全国两会全国两会全国两会全国两会全国两会全国两会全国两会全国两会全国两会全国两会全国两会全国两会全国两会全国两会全国两会全国两会全国两会全国两会全国两会全国两会全国两会全国两会全国两会全国两会全国两会全国两会全国两会全国两会全国两会全国两会全国两会全国两会全国两会全国两会全国两会全国两会全国两会全国两会全国两会全国两会全国两会全国两会全国两会全国两会全国两会全国两会全国两会全国两会全国两会全国两会</p>','1','0002,0006','2020-01-13 09:32:18','1'),(3,'欧雪御美医疗美容','','','','[{\"fieldname\":\"Img\",\"originalname\":\"1548408869584913.jpg\",\"encoding\":\"7bit\",\"mimetype\":\"image/jpeg\",\"destination\":\"uploads/\",\"filename\":\"15788791864711548408869584913.jpg\",\"path\":\"uploads\\\\15788791864711548408869584913.jpg\",\"size\":122621}]','<p>欧雪御美医疗美容欧雪御美医疗美容欧雪御美医疗美容欧雪御美医疗美容欧雪御美医疗美容欧雪御美医疗美容欧雪御美医疗美容欧雪御美医疗美容欧雪御美医疗美容欧雪御美医疗美容欧雪御美医疗美容欧雪御美医疗美容欧雪御美医疗美容欧雪御美医疗美容欧雪御美医疗美容欧雪御美医疗美容欧雪御美医疗美容欧雪御美医疗美容欧雪御美医疗美容欧雪御美医疗美容欧雪御美医疗美容欧雪御美医疗美容欧雪御美医疗美容欧雪御美医疗美容欧雪御美医疗美容欧雪御美医疗美容欧雪御美医疗美容欧雪御美医疗美容欧雪御美医疗美容欧雪御美医疗美容欧雪御美医疗美容欧雪御美医疗美容欧雪御美医疗美容</p>','1','0002,0001','2020-01-13 09:33:06','1'),(4,'HOUSE PRESS 冷压果蔬汁','','','','[{\"fieldname\":\"Img\",\"originalname\":\"1538046895962058.jpg\",\"encoding\":\"7bit\",\"mimetype\":\"image/jpeg\",\"destination\":\"uploads/\",\"filename\":\"15788792182831538046895962058.jpg\",\"path\":\"uploads\\\\15788792182831538046895962058.jpg\",\"size\":78507}]','<p>HOUSE PRESS 冷压果蔬汁HOUSE PRESS 冷压果蔬汁HOUSE PRESS 冷压果蔬汁HOUSE PRESS 冷压果蔬汁HOUSE PRESS 冷压果蔬汁HOUSE PRESS 冷压果蔬汁HOUSE PRESS 冷压果蔬汁HOUSE PRESS 冷压果蔬汁HOUSE PRESS 冷压果蔬汁HOUSE PRESS 冷压果蔬汁HOUSE PRESS 冷压果蔬汁HOUSE PRESS 冷压果蔬汁HOUSE PRESS 冷压果蔬汁HOUSE PRESS 冷压果蔬汁HOUSE PRESS 冷压果蔬汁HOUSE PRESS 冷压果蔬汁HOUSE PRESS 冷压果蔬汁HOUSE PRESS 冷压果蔬汁HOUSE PRESS 冷压果蔬汁HOUSE PRESS 冷压果蔬汁HOUSE PRESS 冷压果蔬汁</p>','1','0002,0001','2020-01-13 09:33:38','1'),(5,'弘苜房产','','','','[{\"fieldname\":\"Img\",\"originalname\":\"1568876855603312.jpg\",\"encoding\":\"7bit\",\"mimetype\":\"image/jpeg\",\"destination\":\"uploads/\",\"filename\":\"15788792630961568876855603312.jpg\",\"path\":\"uploads\\\\15788792630961568876855603312.jpg\",\"size\":52436}]','<p>弘苜房产弘苜房产弘苜房产弘苜房产弘苜房产弘苜房产弘苜房产弘苜房产弘苜房产弘苜房产弘苜房产弘苜房产弘苜房产弘苜房产弘苜房产弘苜房产弘苜房产弘苜房产弘苜房产弘苜房产弘苜房产弘苜房产弘苜房产弘苜房产弘苜房产弘苜房产弘苜房产弘苜房产弘苜房产弘苜房产弘苜房产弘苜房产弘苜房产弘苜房产弘苜房产弘苜房产弘苜房产弘苜房产弘苜房产弘苜房产弘苜房产弘苜房产</p>','1','0002,0001','2020-01-13 09:34:23','1'),(6,'上海数据港股份有限公司','','','','[{\"fieldname\":\"Img\",\"originalname\":\"1565337261213287.jpg\",\"encoding\":\"7bit\",\"mimetype\":\"image/jpeg\",\"destination\":\"uploads/\",\"filename\":\"15788793334061565337261213287.jpg\",\"path\":\"uploads\\\\15788793334061565337261213287.jpg\",\"size\":147003}]','<p>上海数据港股份有限公司上海数据港股份有限公司上海数据港股份有限公司上海数据港股份有限公司上海数据港股份有限公司上海数据港股份有限公司上海数据港股份有限公司上海数据港股份有限公司上海数据港股份有限公司上海数据港股份有限公司上海数据港股份有限公司上海数据港股份有限公司上海数据港股份有限公司上海数据港股份有限公司上海数据港股份有限公司上海数据港股份有限公司上海数据港股份有限公司上海数据港股份有限公司上海数据港股份有限公司上海数据港股份有限公司</p>','1','0002,0002','2020-01-13 09:35:33','1'),(7,'天旦','','','','[{\"fieldname\":\"Img\",\"originalname\":\"1578647574256692.jpg\",\"encoding\":\"7bit\",\"mimetype\":\"image/jpeg\",\"destination\":\"uploads/\",\"filename\":\"15788793727861578647574256692.jpg\",\"path\":\"uploads\\\\15788793727861578647574256692.jpg\",\"size\":150411}]','<p><span style=\"color: rgb(34, 34, 34); font-family: Consolas, &quot;Lucida Console&quot;, &quot;Courier New&quot;, monospace; font-size: 12px; white-space: pre-wrap; background-color: rgb(255, 255, 255);\">天旦</span><span style=\"color: rgb(34, 34, 34); font-family: Consolas, &quot;Lucida Console&quot;, &quot;Courier New&quot;, monospace; font-size: 12px; white-space: pre-wrap; background-color: rgb(255, 255, 255);\">天旦</span><span style=\"color: rgb(34, 34, 34); font-family: Consolas, &quot;Lucida Console&quot;, &quot;Courier New&quot;, monospace; font-size: 12px; white-space: pre-wrap; background-color: rgb(255, 255, 255);\">天旦</span><span style=\"background-color: rgb(255, 255, 255); color: rgb(34, 34, 34); font-family: Consolas, &quot;Lucida Console&quot;, &quot;Courier New&quot;, monospace; font-size: 12px; white-space: pre-wrap;\">天旦</span><span style=\"background-color: rgb(255, 255, 255); color: rgb(34, 34, 34); font-family: Consolas, &quot;Lucida Console&quot;, &quot;Courier New&quot;, monospace; font-size: 12px; white-space: pre-wrap;\">天旦</span><span style=\"background-color: rgb(255, 255, 255); color: rgb(34, 34, 34); font-family: Consolas, &quot;Lucida Console&quot;, &quot;Courier New&quot;, monospace; font-size: 12px; white-space: pre-wrap;\">天旦</span><span style=\"background-color: rgb(255, 255, 255); color: rgb(34, 34, 34); font-family: Consolas, &quot;Lucida Console&quot;, &quot;Courier New&quot;, monospace; font-size: 12px; white-space: pre-wrap;\">天旦</span><span style=\"color: rgb(34, 34, 34); font-family: Consolas, &quot;Lucida Console&quot;, &quot;Courier New&quot;, monospace; font-size: 12px; white-space: pre-wrap; background-color: rgb(255, 255, 255);\">天旦</span><span style=\"background-color: rgb(255, 255, 255); color: rgb(34, 34, 34); font-family: Consolas, &quot;Lucida Console&quot;, &quot;Courier New&quot;, monospace; font-size: 12px; white-space: pre-wrap;\">天旦</span><span style=\"color: rgb(34, 34, 34); font-family: Consolas, &quot;Lucida Console&quot;, &quot;Courier New&quot;, monospace; font-size: 12px; white-space: pre-wrap; background-color: rgb(255, 255, 255);\">天旦</span><span style=\"background-color: rgb(255, 255, 255); color: rgb(34, 34, 34); font-family: Consolas, &quot;Lucida Console&quot;, &quot;Courier New&quot;, monospace; font-size: 12px; white-space: pre-wrap;\">天旦</span><span style=\"background-color: rgb(255, 255, 255); color: rgb(34, 34, 34); font-family: Consolas, &quot;Lucida Console&quot;, &quot;Courier New&quot;, monospace; font-size: 12px; white-space: pre-wrap;\">天旦</span><span style=\"color: rgb(34, 34, 34); font-family: Consolas, &quot;Lucida Console&quot;, &quot;Courier New&quot;, monospace; font-size: 12px; white-space: pre-wrap; background-color: rgb(255, 255, 255);\">天旦</span><span style=\"background-color: rgb(255, 255, 255); color: rgb(34, 34, 34); font-family: Consolas, &quot;Lucida Console&quot;, &quot;Courier New&quot;, monospace; font-size: 12px; white-space: pre-wrap;\">天旦</span><span style=\"background-color: rgb(255, 255, 255); color: rgb(34, 34, 34); font-family: Consolas, &quot;Lucida Console&quot;, &quot;Courier New&quot;, monospace; font-size: 12px; white-space: pre-wrap;\">天旦</span><span style=\"color: rgb(34, 34, 34); font-family: Consolas, &quot;Lucida Console&quot;, &quot;Courier New&quot;, monospace; font-size: 12px; white-space: pre-wrap; background-color: rgb(255, 255, 255);\">天旦</span><span style=\"background-color: rgb(255, 255, 255); color: rgb(34, 34, 34); font-family: Consolas, &quot;Lucida Console&quot;, &quot;Courier New&quot;, monospace; font-size: 12px; white-space: pre-wrap;\">天旦</span><span style=\"background-color: rgb(255, 255, 255); color: rgb(34, 34, 34); font-family: Consolas, &quot;Lucida Console&quot;, &quot;Courier New&quot;, monospace; font-size: 12px; white-space: pre-wrap;\">天旦</span><span style=\"background-color: rgb(255, 255, 255); color: rgb(34, 34, 34); font-family: Consolas, &quot;Lucida Console&quot;, &quot;Courier New&quot;, monospace; font-size: 12px; white-space: pre-wrap;\">天旦<span style=\"color: rgb(34, 34, 34); font-family: Consolas, &quot;Lucida Console&quot;, &quot;Courier New&quot;, monospace; font-size: 12px; white-space: pre-wrap; background-color: rgb(255, 255, 255);\">天旦</span><span style=\"color: rgb(34, 34, 34); font-family: Consolas, &quot;Lucida Console&quot;, &quot;Courier New&quot;, monospace; font-size: 12px; white-space: pre-wrap; background-color: rgb(255, 255, 255);\">天旦</span><span style=\"background-color: rgb(255, 255, 255); color: rgb(34, 34, 34); font-family: Consolas, &quot;Lucida Console&quot;, &quot;Courier New&quot;, monospace; font-size: 12px; white-space: pre-wrap;\">天旦</span><span style=\"background-color: rgb(255, 255, 255); color: rgb(34, 34, 34); font-family: Consolas, &quot;Lucida Console&quot;, &quot;Courier New&quot;, monospace; font-size: 12px; white-space: pre-wrap;\">天旦</span><span style=\"background-color: rgb(255, 255, 255); color: rgb(34, 34, 34); font-family: Consolas, &quot;Lucida Console&quot;, &quot;Courier New&quot;, monospace; font-size: 12px; white-space: pre-wrap;\">天旦</span><span style=\"background-color: rgb(255, 255, 255); color: rgb(34, 34, 34); font-family: Consolas, &quot;Lucida Console&quot;, &quot;Courier New&quot;, monospace; font-size: 12px; white-space: pre-wrap;\">天旦</span><span style=\"color: rgb(34, 34, 34); font-family: Consolas, &quot;Lucida Console&quot;, &quot;Courier New&quot;, monospace; font-size: 12px; white-space: pre-wrap; background-color: rgb(255, 255, 255);\">天旦</span><span style=\"background-color: rgb(255, 255, 255); color: rgb(34, 34, 34); font-family: Consolas, &quot;Lucida Console&quot;, &quot;Courier New&quot;, monospace; font-size: 12px; white-space: pre-wrap;\">天旦</span><span style=\"background-color: rgb(255, 255, 255); color: rgb(34, 34, 34); font-family: Consolas, &quot;Lucida Console&quot;, &quot;Courier New&quot;, monospace; font-size: 12px; white-space: pre-wrap;\">天旦</span><span style=\"color: rgb(34, 34, 34); font-family: Consolas, &quot;Lucida Console&quot;, &quot;Courier New&quot;, monospace; font-size: 12px; white-space: pre-wrap; background-color: rgb(255, 255, 255);\">天旦</span><span style=\"background-color: rgb(255, 255, 255); color: rgb(34, 34, 34); font-family: Consolas, &quot;Lucida Console&quot;, &quot;Courier New&quot;, monospace; font-size: 12px; white-space: pre-wrap;\">天旦</span></span></p>','1','0002,0002','2020-01-13 09:36:12','1'),(8,'德运牛奶 - Devondale','','','','[{\"fieldname\":\"Img\",\"originalname\":\"1553863936260446.jpg\",\"encoding\":\"7bit\",\"mimetype\":\"image/jpeg\",\"destination\":\"uploads/\",\"filename\":\"15788794203251553863936260446.jpg\",\"path\":\"uploads\\\\15788794203251553863936260446.jpg\",\"size\":235497}]','<p><span style=\"color: rgb(34, 34, 34); font-family: Consolas, &quot;Lucida Console&quot;, &quot;Courier New&quot;, monospace; font-size: 12px; white-space: pre-wrap; background-color: rgb(255, 255, 255);\">德运牛奶 - Devondale</span><span style=\"color: rgb(34, 34, 34); font-family: Consolas, &quot;Lucida Console&quot;, &quot;Courier New&quot;, monospace; font-size: 12px; white-space: pre-wrap; background-color: rgb(255, 255, 255);\">德运牛奶 - Devondale</span><span style=\"color: rgb(34, 34, 34); font-family: Consolas, &quot;Lucida Console&quot;, &quot;Courier New&quot;, monospace; font-size: 12px; white-space: pre-wrap; background-color: rgb(255, 255, 255);\">德运牛奶 - Devondale</span><span style=\"background-color: rgb(255, 255, 255); color: rgb(34, 34, 34); font-family: Consolas, &quot;Lucida Console&quot;, &quot;Courier New&quot;, monospace; font-size: 12px; white-space: pre-wrap;\">德运牛奶 - Devondale</span><span style=\"background-color: rgb(255, 255, 255); color: rgb(34, 34, 34); font-family: Consolas, &quot;Lucida Console&quot;, &quot;Courier New&quot;, monospace; font-size: 12px; white-space: pre-wrap;\">德运牛奶 - Devondale</span><span style=\"color: rgb(34, 34, 34); font-family: Consolas, &quot;Lucida Console&quot;, &quot;Courier New&quot;, monospace; font-size: 12px; white-space: pre-wrap; background-color: rgb(255, 255, 255);\">德运牛奶 - Devondale</span><span style=\"background-color: rgb(255, 255, 255); color: rgb(34, 34, 34); font-family: Consolas, &quot;Lucida Console&quot;, &quot;Courier New&quot;, monospace; font-size: 12px; white-space: pre-wrap;\">德运牛奶 - Devondale</span><span style=\"background-color: rgb(255, 255, 255); color: rgb(34, 34, 34); font-family: Consolas, &quot;Lucida Console&quot;, &quot;Courier New&quot;, monospace; font-size: 12px; white-space: pre-wrap;\">德运牛奶 - Devondale</span><span style=\"background-color: rgb(255, 255, 255); color: rgb(34, 34, 34); font-family: Consolas, &quot;Lucida Console&quot;, &quot;Courier New&quot;, monospace; font-size: 12px; white-space: pre-wrap;\">德运牛奶 - Devondale</span><span style=\"background-color: rgb(255, 255, 255); color: rgb(34, 34, 34); font-family: Consolas, &quot;Lucida Console&quot;, &quot;Courier New&quot;, monospace; font-size: 12px; white-space: pre-wrap;\">德运牛奶 - Devondale</span><span style=\"color: rgb(34, 34, 34); font-family: Consolas, &quot;Lucida Console&quot;, &quot;Courier New&quot;, monospace; font-size: 12px; white-space: pre-wrap; background-color: rgb(255, 255, 255);\">德运牛奶 - Devondale</span><span style=\"background-color: rgb(255, 255, 255); color: rgb(34, 34, 34); font-family: Consolas, &quot;Lucida Console&quot;, &quot;Courier New&quot;, monospace; font-size: 12px; white-space: pre-wrap;\">德运牛奶 - Devondale</span><span style=\"background-color: rgb(255, 255, 255); color: rgb(34, 34, 34); font-family: Consolas, &quot;Lucida Console&quot;, &quot;Courier New&quot;, monospace; font-size: 12px; white-space: pre-wrap;\">德运牛奶 - Devondale</span><span style=\"background-color: rgb(255, 255, 255); color: rgb(34, 34, 34); font-family: Consolas, &quot;Lucida Console&quot;, &quot;Courier New&quot;, monospace; font-size: 12px; white-space: pre-wrap;\">德运牛奶 - Devondale</span><span style=\"color: rgb(34, 34, 34); font-family: Consolas, &quot;Lucida Console&quot;, &quot;Courier New&quot;, monospace; font-size: 12px; white-space: pre-wrap; background-color: rgb(255, 255, 255);\">德运牛奶 - Devondale</span><span style=\"background-color: rgb(255, 255, 255); color: rgb(34, 34, 34); font-family: Consolas, &quot;Lucida Console&quot;, &quot;Courier New&quot;, monospace; font-size: 12px; white-space: pre-wrap;\">德运牛奶 - Devondale</span><span style=\"background-color: rgb(255, 255, 255); color: rgb(34, 34, 34); font-family: Consolas, &quot;Lucida Console&quot;, &quot;Courier New&quot;, monospace; font-size: 12px; white-space: pre-wrap;\">德运牛奶 - Devondale</span><span style=\"background-color: rgb(255, 255, 255); color: rgb(34, 34, 34); font-family: Consolas, &quot;Lucida Console&quot;, &quot;Courier New&quot;, monospace; font-size: 12px; white-space: pre-wrap;\">德运牛奶 - Devondale</span><span style=\"background-color: rgb(255, 255, 255); color: rgb(34, 34, 34); font-family: Consolas, &quot;Lucida Console&quot;, &quot;Courier New&quot;, monospace; font-size: 12px; white-space: pre-wrap;\">德运牛奶 - Devondale</span><span style=\"background-color: rgb(255, 255, 255); color: rgb(34, 34, 34); font-family: Consolas, &quot;Lucida Console&quot;, &quot;Courier New&quot;, monospace; font-size: 12px; white-space: pre-wrap;\">德运牛奶 - Devondale</span><span style=\"background-color: rgb(255, 255, 255); color: rgb(34, 34, 34); font-family: Consolas, &quot;Lucida Console&quot;, &quot;Courier New&quot;, monospace; font-size: 12px; white-space: pre-wrap;\">德运牛奶 - Devondale</span><span style=\"background-color: rgb(255, 255, 255); color: rgb(34, 34, 34); font-family: Consolas, &quot;Lucida Console&quot;, &quot;Courier New&quot;, monospace; font-size: 12px; white-space: pre-wrap;\">德运牛奶 - Devondale</span><span style=\"color: rgb(34, 34, 34); font-family: Consolas, &quot;Lucida Console&quot;, &quot;Courier New&quot;, monospace; font-size: 12px; white-space: pre-wrap; background-color: rgb(255, 255, 255);\">德运牛奶 - Devondale</span><span style=\"background-color: rgb(255, 255, 255); color: rgb(34, 34, 34); font-family: Consolas, &quot;Lucida Console&quot;, &quot;Courier New&quot;, monospace; font-size: 12px; white-space: pre-wrap;\">德运牛奶 - Devondale</span><span style=\"background-color: rgb(255, 255, 255); color: rgb(34, 34, 34); font-family: Consolas, &quot;Lucida Console&quot;, &quot;Courier New&quot;, monospace; font-size: 12px; white-space: pre-wrap;\">德运牛奶 - Devondale</span><span style=\"background-color: rgb(255, 255, 255); color: rgb(34, 34, 34); font-family: Consolas, &quot;Lucida Console&quot;, &quot;Courier New&quot;, monospace; font-size: 12px; white-space: pre-wrap;\">德运牛奶 - Devondale</span><span style=\"color: rgb(34, 34, 34); font-family: Consolas, &quot;Lucida Console&quot;, &quot;Courier New&quot;, monospace; font-size: 12px; white-space: pre-wrap; background-color: rgb(255, 255, 255);\">德运牛奶 - Devondale</span><span style=\"background-color: rgb(255, 255, 255); color: rgb(34, 34, 34); font-family: Consolas, &quot;Lucida Console&quot;, &quot;Courier New&quot;, monospace; font-size: 12px; white-space: pre-wrap;\">德运牛奶 - Devondale</span><span style=\"background-color: rgb(255, 255, 255); color: rgb(34, 34, 34); font-family: Consolas, &quot;Lucida Console&quot;, &quot;Courier New&quot;, monospace; font-size: 12px; white-space: pre-wrap;\">德运牛奶 - Devondale</span><span style=\"color: rgb(34, 34, 34); font-family: Consolas, &quot;Lucida Console&quot;, &quot;Courier New&quot;, monospace; font-size: 12px; white-space: pre-wrap; background-color: rgb(255, 255, 255);\">德运牛奶 - Devondale</span><span style=\"background-color: rgb(255, 255, 255); color: rgb(34, 34, 34); font-family: Consolas, &quot;Lucida Console&quot;, &quot;Courier New&quot;, monospace; font-size: 12px; white-space: pre-wrap;\">德运牛奶 - Devondale</span><span style=\"background-color: rgb(255, 255, 255); color: rgb(34, 34, 34); font-family: Consolas, &quot;Lucida Console&quot;, &quot;Courier New&quot;, monospace; font-size: 12px; white-space: pre-wrap;\">德运牛奶 - Devondale</span><span style=\"color: rgb(34, 34, 34); font-family: Consolas, &quot;Lucida Console&quot;, &quot;Courier New&quot;, monospace; font-size: 12px; white-space: pre-wrap; background-color: rgb(255, 255, 255);\">德运牛奶 - Devondale</span><span style=\"background-color: rgb(255, 255, 255); color: rgb(34, 34, 34); font-family: Consolas, &quot;Lucida Console&quot;, &quot;Courier New&quot;, monospace; font-size: 12px; white-space: pre-wrap;\">德运牛奶 - Devondale</span><span style=\"background-color: rgb(255, 255, 255); color: rgb(34, 34, 34); font-family: Consolas, &quot;Lucida Console&quot;, &quot;Courier New&quot;, monospace; font-size: 12px; white-space: pre-wrap;\">德运牛奶 - Devondale</span></p>','1','0002,0002','2020-01-13 09:37:00','1'),(9,'上海市大连商会','','','','[{\"fieldname\":\"Img\",\"originalname\":\"1575274174775620.jpg\",\"encoding\":\"7bit\",\"mimetype\":\"image/jpeg\",\"destination\":\"uploads/\",\"filename\":\"15788794792891575274174775620.jpg\",\"path\":\"uploads\\\\15788794792891575274174775620.jpg\",\"size\":94269}]','<p><span style=\"color: rgb(34, 34, 34); font-family: Consolas, &quot;Lucida Console&quot;, &quot;Courier New&quot;, monospace; font-size: 12px; white-space: pre-wrap; background-color: rgb(255, 255, 255);\">上海市大连商会</span><span style=\"color: rgb(34, 34, 34); font-family: Consolas, &quot;Lucida Console&quot;, &quot;Courier New&quot;, monospace; font-size: 12px; white-space: pre-wrap; background-color: rgb(255, 255, 255);\">上海市大连商会</span><span style=\"color: rgb(34, 34, 34); font-family: Consolas, &quot;Lucida Console&quot;, &quot;Courier New&quot;, monospace; font-size: 12px; white-space: pre-wrap; background-color: rgb(255, 255, 255);\">上海市大连商会</span><span style=\"color: rgb(34, 34, 34); font-family: Consolas, &quot;Lucida Console&quot;, &quot;Courier New&quot;, monospace; font-size: 12px; white-space: pre-wrap; background-color: rgb(255, 255, 255);\">上海市大连商会</span><span style=\"color: rgb(34, 34, 34); font-family: Consolas, &quot;Lucida Console&quot;, &quot;Courier New&quot;, monospace; font-size: 12px; white-space: pre-wrap; background-color: rgb(255, 255, 255);\">上海市大连商会</span><span style=\"background-color: rgb(255, 255, 255); color: rgb(34, 34, 34); font-family: Consolas, &quot;Lucida Console&quot;, &quot;Courier New&quot;, monospace; font-size: 12px; white-space: pre-wrap;\">上海市大连商会</span><span style=\"background-color: rgb(255, 255, 255); color: rgb(34, 34, 34); font-family: Consolas, &quot;Lucida Console&quot;, &quot;Courier New&quot;, monospace; font-size: 12px; white-space: pre-wrap;\">上海市大连商会</span><span style=\"background-color: rgb(255, 255, 255); color: rgb(34, 34, 34); font-family: Consolas, &quot;Lucida Console&quot;, &quot;Courier New&quot;, monospace; font-size: 12px; white-space: pre-wrap;\">上海市大连商会</span><span style=\"color: rgb(34, 34, 34); font-family: Consolas, &quot;Lucida Console&quot;, &quot;Courier New&quot;, monospace; font-size: 12px; white-space: pre-wrap; background-color: rgb(255, 255, 255);\">上海市大连商会</span><span style=\"color: rgb(34, 34, 34); font-family: Consolas, &quot;Lucida Console&quot;, &quot;Courier New&quot;, monospace; font-size: 12px; white-space: pre-wrap; background-color: rgb(255, 255, 255);\">上海市大连商会</span><span style=\"color: rgb(34, 34, 34); font-family: Consolas, &quot;Lucida Console&quot;, &quot;Courier New&quot;, monospace; font-size: 12px; white-space: pre-wrap; background-color: rgb(255, 255, 255);\">上海市大连商会</span><span style=\"color: rgb(34, 34, 34); font-family: Consolas, &quot;Lucida Console&quot;, &quot;Courier New&quot;, monospace; font-size: 12px; white-space: pre-wrap; background-color: rgb(255, 255, 255);\">上海市大连商会</span><span style=\"color: rgb(34, 34, 34); font-family: Consolas, &quot;Lucida Console&quot;, &quot;Courier New&quot;, monospace; font-size: 12px; white-space: pre-wrap; background-color: rgb(255, 255, 255);\">上海市大连商会</span><span style=\"color: rgb(34, 34, 34); font-family: Consolas, &quot;Lucida Console&quot;, &quot;Courier New&quot;, monospace; font-size: 12px; white-space: pre-wrap; background-color: rgb(255, 255, 255);\">上海市大连商会</span><span style=\"background-color: rgb(255, 255, 255); color: rgb(34, 34, 34); font-family: Consolas, &quot;Lucida Console&quot;, &quot;Courier New&quot;, monospace; font-size: 12px; white-space: pre-wrap;\">上海市大连商会</span><span style=\"background-color: rgb(255, 255, 255); color: rgb(34, 34, 34); font-family: Consolas, &quot;Lucida Console&quot;, &quot;Courier New&quot;, monospace; font-size: 12px; white-space: pre-wrap;\">上海市大连商会</span><span style=\"background-color: rgb(255, 255, 255); color: rgb(34, 34, 34); font-family: Consolas, &quot;Lucida Console&quot;, &quot;Courier New&quot;, monospace; font-size: 12px; white-space: pre-wrap;\">上海市大连商会</span><span style=\"background-color: rgb(255, 255, 255); color: rgb(34, 34, 34); font-family: Consolas, &quot;Lucida Console&quot;, &quot;Courier New&quot;, monospace; font-size: 12px; white-space: pre-wrap;\">上海市大连商会</span><span style=\"color: rgb(34, 34, 34); font-family: Consolas, &quot;Lucida Console&quot;, &quot;Courier New&quot;, monospace; font-size: 12px; white-space: pre-wrap; background-color: rgb(255, 255, 255);\">上海市大连商会</span><span style=\"background-color: rgb(255, 255, 255); color: rgb(34, 34, 34); font-family: Consolas, &quot;Lucida Console&quot;, &quot;Courier New&quot;, monospace; font-size: 12px; white-space: pre-wrap;\">上海市大连商会</span><span style=\"color: rgb(34, 34, 34); font-family: Consolas, &quot;Lucida Console&quot;, &quot;Courier New&quot;, monospace; font-size: 12px; white-space: pre-wrap; background-color: rgb(255, 255, 255);\">上海市大连商会</span><span style=\"color: rgb(34, 34, 34); font-family: Consolas, &quot;Lucida Console&quot;, &quot;Courier New&quot;, monospace; font-size: 12px; white-space: pre-wrap; background-color: rgb(255, 255, 255);\">上海市大连商会</span><span style=\"color: rgb(34, 34, 34); font-family: Consolas, &quot;Lucida Console&quot;, &quot;Courier New&quot;, monospace; font-size: 12px; white-space: pre-wrap; background-color: rgb(255, 255, 255);\">上海市大连商会</span><span style=\"color: rgb(34, 34, 34); font-family: Consolas, &quot;Lucida Console&quot;, &quot;Courier New&quot;, monospace; font-size: 12px; white-space: pre-wrap; background-color: rgb(255, 255, 255);\">上海市大连商会</span><span style=\"color: rgb(34, 34, 34); font-family: Consolas, &quot;Lucida Console&quot;, &quot;Courier New&quot;, monospace; font-size: 12px; white-space: pre-wrap; background-color: rgb(255, 255, 255);\">上海市大连商会</span><span style=\"color: rgb(34, 34, 34); font-family: Consolas, &quot;Lucida Console&quot;, &quot;Courier New&quot;, monospace; font-size: 12px; white-space: pre-wrap; background-color: rgb(255, 255, 255);\">上海市大连商会</span><span style=\"color: rgb(34, 34, 34); font-family: Consolas, &quot;Lucida Console&quot;, &quot;Courier New&quot;, monospace; font-size: 12px; white-space: pre-wrap; background-color: rgb(255, 255, 255);\">上海市大连商会</span></p>','1','0002,0004','2020-01-13 09:37:59','1'),(10,'上海沐瑟涂料有限公司','','','','[{\"fieldname\":\"Img\",\"originalname\":\"1574415364506912.jpg\",\"encoding\":\"7bit\",\"mimetype\":\"image/jpeg\",\"destination\":\"uploads/\",\"filename\":\"15788795096711574415364506912.jpg\",\"path\":\"uploads\\\\15788795096711574415364506912.jpg\",\"size\":159045}]','<p><span style=\"color: rgb(34, 34, 34); font-family: Consolas, &quot;Lucida Console&quot;, &quot;Courier New&quot;, monospace; font-size: 12px; white-space: pre-wrap; background-color: rgb(255, 255, 255);\">上海沐瑟涂料有限公司</span><span style=\"color: rgb(34, 34, 34); font-family: Consolas, &quot;Lucida Console&quot;, &quot;Courier New&quot;, monospace; font-size: 12px; white-space: pre-wrap; background-color: rgb(255, 255, 255);\">上海沐瑟涂料有限公司</span><span style=\"color: rgb(34, 34, 34); font-family: Consolas, &quot;Lucida Console&quot;, &quot;Courier New&quot;, monospace; font-size: 12px; white-space: pre-wrap; background-color: rgb(255, 255, 255);\">上海沐瑟涂料有限公司</span><span style=\"color: rgb(34, 34, 34); font-family: Consolas, &quot;Lucida Console&quot;, &quot;Courier New&quot;, monospace; font-size: 12px; white-space: pre-wrap; background-color: rgb(255, 255, 255);\">上海沐瑟涂料有限公司</span><span style=\"color: rgb(34, 34, 34); font-family: Consolas, &quot;Lucida Console&quot;, &quot;Courier New&quot;, monospace; font-size: 12px; white-space: pre-wrap; background-color: rgb(255, 255, 255);\">上海沐瑟涂料有限公司</span><span style=\"color: rgb(34, 34, 34); font-family: Consolas, &quot;Lucida Console&quot;, &quot;Courier New&quot;, monospace; font-size: 12px; white-space: pre-wrap; background-color: rgb(255, 255, 255);\">上海沐瑟涂料有限公司</span><span style=\"color: rgb(34, 34, 34); font-family: Consolas, &quot;Lucida Console&quot;, &quot;Courier New&quot;, monospace; font-size: 12px; white-space: pre-wrap; background-color: rgb(255, 255, 255);\">上海沐瑟涂料有限公司</span><span style=\"background-color: rgb(255, 255, 255); color: rgb(34, 34, 34); font-family: Consolas, &quot;Lucida Console&quot;, &quot;Courier New&quot;, monospace; font-size: 12px; white-space: pre-wrap;\">上海沐瑟涂料有限公司</span><span style=\"color: rgb(34, 34, 34); font-family: Consolas, &quot;Lucida Console&quot;, &quot;Courier New&quot;, monospace; font-size: 12px; white-space: pre-wrap; background-color: rgb(255, 255, 255);\">上海沐瑟涂料有限公司</span><span style=\"color: rgb(34, 34, 34); font-family: Consolas, &quot;Lucida Console&quot;, &quot;Courier New&quot;, monospace; font-size: 12px; white-space: pre-wrap; background-color: rgb(255, 255, 255);\">上海沐瑟涂料有限公司</span><span style=\"color: rgb(34, 34, 34); font-family: Consolas, &quot;Lucida Console&quot;, &quot;Courier New&quot;, monospace; font-size: 12px; white-space: pre-wrap; background-color: rgb(255, 255, 255);\">上海沐瑟涂料有限公司</span><span style=\"background-color: rgb(255, 255, 255); color: rgb(34, 34, 34); font-family: Consolas, &quot;Lucida Console&quot;, &quot;Courier New&quot;, monospace; font-size: 12px; white-space: pre-wrap;\">上海沐瑟涂料有限公司</span></p>','1','0002,0004','2020-01-13 09:38:29','1'),(11,'中兵卫集团','','','','[{\"fieldname\":\"Img\",\"originalname\":\"1571972157100051.png\",\"encoding\":\"7bit\",\"mimetype\":\"image/png\",\"destination\":\"uploads/\",\"filename\":\"15788795481371571972157100051.png\",\"path\":\"uploads\\\\15788795481371571972157100051.png\",\"size\":587617}]','<p><span style=\"color: rgb(34, 34, 34); font-family: Consolas, &quot;Lucida Console&quot;, &quot;Courier New&quot;, monospace; font-size: 12px; white-space: pre-wrap; background-color: rgb(255, 255, 255);\">中兵卫集团</span><span style=\"color: rgb(34, 34, 34); font-family: Consolas, &quot;Lucida Console&quot;, &quot;Courier New&quot;, monospace; font-size: 12px; white-space: pre-wrap; background-color: rgb(255, 255, 255);\">中兵卫集团</span><span style=\"background-color: rgb(255, 255, 255); color: rgb(34, 34, 34); font-family: Consolas, &quot;Lucida Console&quot;, &quot;Courier New&quot;, monospace; font-size: 12px; white-space: pre-wrap;\">中兵卫集团</span><span style=\"color: rgb(34, 34, 34); font-family: Consolas, &quot;Lucida Console&quot;, &quot;Courier New&quot;, monospace; font-size: 12px; white-space: pre-wrap; background-color: rgb(255, 255, 255);\">中兵卫集团</span><span style=\"color: rgb(34, 34, 34); font-family: Consolas, &quot;Lucida Console&quot;, &quot;Courier New&quot;, monospace; font-size: 12px; white-space: pre-wrap; background-color: rgb(255, 255, 255);\">中兵卫集团</span><span style=\"background-color: rgb(255, 255, 255); color: rgb(34, 34, 34); font-family: Consolas, &quot;Lucida Console&quot;, &quot;Courier New&quot;, monospace; font-size: 12px; white-space: pre-wrap;\">中兵卫集团</span><span style=\"color: rgb(34, 34, 34); font-family: Consolas, &quot;Lucida Console&quot;, &quot;Courier New&quot;, monospace; font-size: 12px; white-space: pre-wrap; background-color: rgb(255, 255, 255);\">中兵卫集团</span><span style=\"color: rgb(34, 34, 34); font-family: Consolas, &quot;Lucida Console&quot;, &quot;Courier New&quot;, monospace; font-size: 12px; white-space: pre-wrap; background-color: rgb(255, 255, 255);\">中兵卫集团</span><span style=\"background-color: rgb(255, 255, 255); color: rgb(34, 34, 34); font-family: Consolas, &quot;Lucida Console&quot;, &quot;Courier New&quot;, monospace; font-size: 12px; white-space: pre-wrap;\">中兵卫集团</span><span style=\"background-color: rgb(255, 255, 255); color: rgb(34, 34, 34); font-family: Consolas, &quot;Lucida Console&quot;, &quot;Courier New&quot;, monospace; font-size: 12px; white-space: pre-wrap;\">中兵卫集团</span><span style=\"color: rgb(34, 34, 34); font-family: Consolas, &quot;Lucida Console&quot;, &quot;Courier New&quot;, monospace; font-size: 12px; white-space: pre-wrap; background-color: rgb(255, 255, 255);\">中兵卫集团</span><span style=\"background-color: rgb(255, 255, 255); color: rgb(34, 34, 34); font-family: Consolas, &quot;Lucida Console&quot;, &quot;Courier New&quot;, monospace; font-size: 12px; white-space: pre-wrap;\">中兵卫集团</span><span style=\"background-color: rgb(255, 255, 255); color: rgb(34, 34, 34); font-family: Consolas, &quot;Lucida Console&quot;, &quot;Courier New&quot;, monospace; font-size: 12px; white-space: pre-wrap;\">中兵卫集团</span></p>','1','0002,0004','2020-01-13 09:39:08','1'),(12,'奢翔航空','','','','[{\"fieldname\":\"Img\",\"originalname\":\"1535942580344055.jpg\",\"encoding\":\"7bit\",\"mimetype\":\"image/jpeg\",\"destination\":\"uploads/\",\"filename\":\"15788797053041535942580344055.jpg\",\"path\":\"uploads\\\\15788797053041535942580344055.jpg\",\"size\":125094}]','<p>奢翔航空奢翔航空奢翔航空奢翔航空奢翔航空奢翔航空奢翔航空奢翔航空奢翔航空奢翔航空奢翔航空奢翔航空奢翔航空奢翔航空奢翔航空奢翔航空奢翔航空奢翔航空奢翔航空奢翔航空奢翔航空奢翔航空奢翔航空奢翔航空奢翔航空奢翔航空奢翔航空奢翔航空奢翔航空奢翔航空奢翔航空奢翔航空奢翔航空</p>','1','0002,0005','2020-01-13 09:41:45','1'),(13,'亲子派 ','','','','[{\"fieldname\":\"Img\",\"originalname\":\"1535705767551380.jpg\",\"encoding\":\"7bit\",\"mimetype\":\"image/jpeg\",\"destination\":\"uploads/\",\"filename\":\"15788799837991535705767551380.jpg\",\"path\":\"uploads\\\\15788799837991535705767551380.jpg\",\"size\":202656}]','<p>亲子派&nbsp;亲子派&nbsp;亲子派&nbsp;亲子派&nbsp;亲子派&nbsp;亲子派&nbsp;亲子派&nbsp;亲子派&nbsp;亲子派&nbsp;亲子派&nbsp;亲子派&nbsp;亲子派&nbsp;亲子派&nbsp;亲子派&nbsp;亲子派&nbsp;亲子派&nbsp;亲子派&nbsp;亲子派&nbsp;亲子派&nbsp;亲子派&nbsp;亲子派&nbsp;亲子派&nbsp;亲子派&nbsp;亲子派&nbsp;亲子派&nbsp;亲子派&nbsp;亲子派&nbsp;</p>','1','0','2020-01-13 09:46:23','1'),(14,'手机网站111','','','','[{\"fieldname\":\"Img\",\"originalname\":\"1574415364506912.jpg\",\"encoding\":\"7bit\",\"mimetype\":\"image/jpeg\",\"destination\":\"uploads/\",\"filename\":\"15788800438801574415364506912.jpg\",\"path\":\"uploads\\\\15788800438801574415364506912.jpg\",\"size\":159045}]','<p>手机网站111手机网站111手机网站111手机网站111手机网站111手机网站111手机网站111手机网站111手机网站111手机网站111手机网站111手机网站111手机网站111手机网站111手机网站111手机网站111手机网站111手机网站111手机网站111手机网站111手机网站111手机网站111手机网站111</p>','1','0002,0003','2020-01-13 09:47:23','1'),(15,'新闻1111111','','新闻1111新闻1111新闻1111新闻1111新闻1111新闻1111新闻1111新闻1111新闻1111新闻1111新闻1111新闻1111新闻1111新闻1111新闻1111','','[{\"fieldname\":\"Img\",\"originalname\":\"5743ba8750f4d.jpg\",\"encoding\":\"7bit\",\"mimetype\":\"image/jpeg\",\"destination\":\"uploads/\",\"filename\":\"15790680283335743ba8750f4d.jpg\",\"path\":\"uploads\\\\15790680283335743ba8750f4d.jpg\",\"size\":30853}]','<p>新闻1111新闻1111新闻1111新闻1111新闻1111新闻1111新闻1111新闻1111新闻1111新闻1111新闻1111新闻1111新闻1111新闻1111新闻1111新闻1111新闻1111新闻1111新闻1111新闻1111新闻1111新闻1111新闻1111新闻1111新闻1111新闻1111</p>','1','0003','2020-01-15 14:00:28','1'),(16,'新闻22222','','新闻22222新闻22222新闻22222新闻22222新闻22222新闻22222新闻22222新闻22222新闻22222新闻22222新闻22222新闻22222新闻22222新闻22222','','[{\"fieldname\":\"Img\",\"originalname\":\"5a0ab471a4e67.jpg\",\"encoding\":\"7bit\",\"mimetype\":\"image/jpeg\",\"destination\":\"uploads/\",\"filename\":\"15790680536885a0ab471a4e67.jpg\",\"path\":\"uploads\\\\15790680536885a0ab471a4e67.jpg\",\"size\":32611}]','<p>新闻22222新闻22222新闻22222新闻22222新闻22222新闻22222新闻22222新闻22222新闻22222新闻22222新闻22222新闻22222新闻22222新闻22222新闻22222新闻22222新闻22222新闻22222新闻22222新闻22222新闻22222新闻22222新闻22222新闻22222新闻22222新闻22222新闻22222新闻22222新闻22222新闻22222新闻22222新闻22222新闻22222新闻22222新闻22222新闻22222新闻22222新闻22222</p>','1','0003','2020-01-15 14:00:53','1'),(17,'新闻3333333','','新闻3333333新闻3333333新闻3333333新闻3333333新闻3333333新闻3333333新闻3333333新闻3333333新闻3333333新闻3333333新闻3333333新闻3333333','','[{\"fieldname\":\"Img\",\"originalname\":\"5b72738cd01d1.jpg\",\"encoding\":\"7bit\",\"mimetype\":\"image/jpeg\",\"destination\":\"uploads/\",\"filename\":\"15790680808015b72738cd01d1.jpg\",\"path\":\"uploads\\\\15790680808015b72738cd01d1.jpg\",\"size\":47027}]','<p>新闻3333333新闻3333333新闻3333333新闻3333333新闻3333333新闻3333333新闻3333333新闻3333333新闻3333333新闻3333333新闻3333333新闻3333333新闻3333333新闻3333333新闻3333333新闻3333333新闻3333333新闻3333333新闻3333333</p>','1','0003','2020-01-15 14:01:20','1'),(18,'新闻444444','','新闻444444新闻444444新闻444444新闻444444新闻444444新闻444444新闻444444新闻444444新闻444444新闻444444新闻444444新闻444444新闻444444新闻444444新闻444444新闻444444','','[{\"fieldname\":\"Img\",\"originalname\":\"574e5e9974d0c.jpg\",\"encoding\":\"7bit\",\"mimetype\":\"image/jpeg\",\"destination\":\"uploads/\",\"filename\":\"1579068105986574e5e9974d0c.jpg\",\"path\":\"uploads\\\\1579068105986574e5e9974d0c.jpg\",\"size\":24198}]','<p>新闻444444新闻444444新闻444444新闻444444新闻444444新闻444444新闻444444新闻444444新闻444444新闻444444新闻444444新闻444444新闻444444新闻444444新闻444444新闻444444新闻444444新闻444444新闻444444新闻444444新闻444444新闻444444新闻444444新闻444444新闻444444新闻444444新闻444444新闻444444新闻444444新闻444444新闻444444新闻444444</p>','1','0003','2020-01-15 14:01:45','1'),(19,'新闻55555','','新闻55555新闻55555新闻55555新闻55555新闻55555新闻55555新闻55555新闻55555新闻55555新闻55555新闻55555新闻55555新闻55555新闻55555','','[{\"fieldname\":\"Img\",\"originalname\":\"5877464bb6fae.jpg\",\"encoding\":\"7bit\",\"mimetype\":\"image/jpeg\",\"destination\":\"uploads/\",\"filename\":\"15790681345335877464bb6fae.jpg\",\"path\":\"uploads\\\\15790681345335877464bb6fae.jpg\",\"size\":41723}]','<p>新闻55555新闻55555新闻55555新闻55555新闻55555新闻55555新闻55555新闻55555新闻55555新闻55555新闻55555新闻55555新闻55555新闻55555新闻55555新闻55555新闻55555新闻55555新闻55555新闻55555新闻55555新闻55555新闻55555新闻55555新闻55555新闻55555</p>','1','0003','2020-01-15 14:02:14','1'),(20,'新闻6666','','新闻6666新闻6666新闻6666新闻6666新闻6666新闻6666新闻6666新闻6666新闻6666新闻6666新闻6666新闻6666新闻6666新闻6666新闻6666新闻6666新闻6666新闻6666新闻6666新闻6666新闻6666新闻6666','','[{\"fieldname\":\"Img\",\"originalname\":\"5885a905c0e2a.jpg\",\"encoding\":\"7bit\",\"mimetype\":\"image/jpeg\",\"destination\":\"uploads/\",\"filename\":\"15790681598975885a905c0e2a.jpg\",\"path\":\"uploads\\\\15790681598975885a905c0e2a.jpg\",\"size\":38792}]','<p>新闻6666新闻6666新闻6666新闻6666新闻6666新闻6666新闻6666新闻6666新闻6666新闻6666新闻6666新闻6666新闻6666新闻6666新闻6666新闻6666新闻6666</p>','1','0003','2020-01-15 14:02:39','1'),(21,'网站建设1111','','网站建设1111网站建设1111网站建设1111网站建设1111','','[{\"fieldname\":\"Img\",\"originalname\":\"bnr013.jpg\",\"encoding\":\"7bit\",\"mimetype\":\"image/jpeg\",\"destination\":\"uploads/\",\"filename\":\"1579068705087bnr013.jpg\",\"path\":\"uploads\\\\1579068705087bnr013.jpg\",\"size\":116103}]','<p>网站建设1111网站建设1111网站建设1111网站建设1111网站建设1111网站建设1111网站建设1111网站建设1111网站建设1111网站建设1111网站建设1111网站建设1111网站建设1111网站建设1111网站建设1111网站建设1111网站建设1111网站建设1111网站建设1111网站建设1111网站建设1111网站建设1111网站建设1111网站建设1111网站建设1111网站建设1111网站建设1111网站建设1111网站建设1111网站建设1111网站建设1111网站建设1111网站建设1111网站建设1111网站建设1111</p>','1','0001,0001','2020-01-15 14:11:45','4'),(22,'网站建设222','','网站建设222网站建设222网站建设222网站建设222网站建设222网站建设222网站建设222网站建设222网站建设222网站建设222网站建设222网站建设222网站建设222网站建设222网站建设222网站建设222','','[{\"fieldname\":\"Img\",\"originalname\":\"bnr04.png\",\"encoding\":\"7bit\",\"mimetype\":\"image/png\",\"destination\":\"uploads/\",\"filename\":\"1579068734494bnr04.png\",\"path\":\"uploads\\\\1579068734494bnr04.png\",\"size\":167948}]','<p>网站建设222网站建设222网站建设222网站建设222网站建设222网站建设222网站建设222网站建设222网站建设222网站建设222网站建设222网站建设222网站建设222网站建设222网站建设222网站建设222网站建设222网站建设222网站建设222网站建设222网站建设222网站建设222网站建设222网站建设222网站建设222网站建设222网站建设222网站建设222网站建设222网站建设222网站建设222网站建设222网站建设222网站建设222网站建设222网站建设222网站建设222网站建设222网站建设222网站建设222网站建设222网站建设222</p>','1','0001,0001','2020-01-15 14:12:14','4'),(23,'网站建设333','','网站建设333网站建设333网站建设333网站建设333网站建设333网站建设333网站建设333网站建设333网站建设333网站建设333网站建设333网站建设333网站建设333网站建设333网站建设333网站建设333网站建设333','','[{\"fieldname\":\"Img\",\"originalname\":\"bnr02.png\",\"encoding\":\"7bit\",\"mimetype\":\"image/png\",\"destination\":\"uploads/\",\"filename\":\"1579068758392bnr02.png\",\"path\":\"uploads\\\\1579068758392bnr02.png\",\"size\":210586}]','<p>网站建设333网站建设333网站建设333网站建设333网站建设333网站建设333网站建设333网站建设333网站建设333网站建设333网站建设333网站建设333网站建设333网站建设333网站建设333网站建设333网站建设333网站建设333网站建设333网站建设333网站建设333网站建设333网站建设333网站建设333网站建设333网站建设333</p>','1','0001,0001','2020-01-15 14:12:38','4');

#
# Structure for table "nav"
#

DROP TABLE IF EXISTS `nav`;
CREATE TABLE `nav` (
  `Id` int(11) NOT NULL AUTO_INCREMENT,
  `Nav` varchar(255) COLLATE utf8_unicode_ci DEFAULT NULL COMMENT '导航名称',
  `Path` varchar(2255) COLLATE utf8_unicode_ci DEFAULT NULL COMMENT '导航层级',
  `Title` varchar(255) COLLATE utf8_unicode_ci DEFAULT NULL COMMENT '导航标题',
  `Keywords` varchar(255) COLLATE utf8_unicode_ci DEFAULT NULL COMMENT '关键字',
  `Description` varchar(1055) COLLATE utf8_unicode_ci DEFAULT NULL COMMENT '导航描述',
  `Img` varchar(1055) COLLATE utf8_unicode_ci DEFAULT NULL COMMENT '相关图片',
  `Sort` varchar(255) COLLATE utf8_unicode_ci DEFAULT NULL COMMENT '排序',
  `Status` varchar(255) COLLATE utf8_unicode_ci DEFAULT '1' COMMENT '0表示禁用，1表示使用，2表示为顶级导航时不显示',
  `Url` varchar(1000) COLLATE utf8_unicode_ci DEFAULT NULL COMMENT '前端路由地址',
  `PageContent` text COLLATE utf8_unicode_ci COMMENT '栏目单页内容',
  PRIMARY KEY (`Id`)
) ENGINE=InnoDB AUTO_INCREMENT=14 DEFAULT CHARSET=utf8 COLLATE=utf8_unicode_ci;

#
# Data for table "nav"
#

INSERT INTO `nav` VALUES (1,'网站建设','0001,0001','网站建设','','','[{\"fieldname\":\"Img\",\"originalname\":\"f56f2de50bdabfe755ef046891df6b9b.jpg\",\"encoding\":\"7bit\",\"mimetype\":\"image/jpeg\",\"destination\":\"uploads/\",\"filename\":\"1578637836246f56f2de50bdabfe755ef046891df6b9b.jpg\",\"path\":\"uploads\\\\1578637836246f56f2de50bdabfe755ef046891df6b9b.jpg\",\"size\":46169}]','','1','','<p>&nbsp; &nbsp; &nbsp; 网站建设网&nbsp; &nbsp; &nbsp;站建设网站建设网站建<strong>设网站建设网站建</strong>设网站建设<span style=\"text-decoration: underline;\">网站建设网站建</span>设网站建设网站建设网站建设网站建设网站建设网站<span style=\"color: rgb(255, 0, 0);\">建设网站建设网站</span>建设网站建设网站建设网站建设网站建设网站建设网站建设网站建设网站建设网站建设网站建设网站建设网站建设网站建设网站建设<em>网站建设网</em>站建设网站建设<span style=\"text-decoration: line-through;\">网站建设网站建</span>设网站建设网站建设网站建设网站建设网站建设网站建设网站建设网站建设网站建设网站建设网站建设网站建设网站建设网站建设网站建设网站建设网站建设网站建设网站建设</p><p><img src=\"http://img.baidu.com/hi/jx2/j_0013.gif\"/></p><p>&nbsp; &nbsp; &nbsp;建设网站建设网站建设网站建设网站建设<em style=\"white-space: normal;\">网站建设网</em>站建设网站建设<span style=\"text-decoration-line: line-through;\">网站建设网站建</span>设网站建设网站建设网站建设网站建设网站建设网站建设网站建设网站建设网站建设网站建设网站建设网站建设网站建设网站建设网站建设网站建设网站建设网站建设网站建设</p><p><img src=\"/img/ueditor/1215571806115729408.jpg\" title=\"Chrysanthemum.jpg\" alt=\"Chrysanthemum.jpg\" width=\"200\" height=\"auto\"/></p><p>&nbsp; &nbsp; &nbsp;建设网站建设网站建设网站建设网站建设<em style=\"white-space: normal;\">网站建设网</em>站建设网站建设<span style=\"text-decoration-line: line-through;\">网站建设网站建</span>设网站建设网站建设网站建设网站建设网站建设网站建设网站建设网站建设网站建设网站建设网站建设网站建设网站建设网站建设网站建设网站建设网站建设网站建设网站建设</p>'),(2,'设计服务','0001,0002','设计服务','','','[{\"fieldname\":\"Img\",\"originalname\":\"86300c9b1be42e1123f2f966db554ccf.jpg\",\"encoding\":\"7bit\",\"mimetype\":\"image/jpeg\",\"destination\":\"uploads/\",\"filename\":\"157863789831886300c9b1be42e1123f2f966db554ccf.jpg\",\"path\":\"uploads\\\\157863789831886300c9b1be42e1123f2f966db554ccf.jpg\",\"size\":31951}]','','1','','<p>设计服务设计服务设计服务设计服务设计服务设计服务设计服务设计服务设计服务设计服务设计服务设计服务设计服务设计服务设计服务设计服务设计服务设计服务设计服务设计服务设计服务设计服务设计服务设计服务设计服务设计服务设计服务设计服务设计服务设计服务设计服务设计服务设计服务设计服务设计服务设计服务设计服务设计服务设计服务设计服务设计服务设计服务设计服务设计服务</p>'),(3,'小程序开发','0001,0003','小程序开发','','','[{\"fieldname\":\"Img\",\"originalname\":\"d4f324b09dc1abdccf1d414e3e42b554.jpg\",\"encoding\":\"7bit\",\"mimetype\":\"image/jpeg\",\"destination\":\"uploads/\",\"filename\":\"1578637970079d4f324b09dc1abdccf1d414e3e42b554.jpg\",\"path\":\"uploads\\\\1578637970079d4f324b09dc1abdccf1d414e3e42b554.jpg\",\"size\":105654}]','','1','','<p>小程序开发小程序开发小程序开发小程序开发小程序开发小程序开发小程序开发小程序开发小程序开发小程序开发小程序开发小程序开发小程序开发小程序开发小程序开发小程序开发小程序开发小程序开发小程序开发小程序开发小程序开发小程序开发小程序开发小程序开发小程序开发小程序开发小程序开发小程序开发小程序开发小程序开发小程序开发</p>'),(4,'网站优化','0001,0004','网站优化','','','[{\"fieldname\":\"Img\",\"originalname\":\"e9e654e7a197cfecc4d312d8db620c03.jpg\",\"encoding\":\"7bit\",\"mimetype\":\"image/jpeg\",\"destination\":\"uploads/\",\"filename\":\"1578638043887e9e654e7a197cfecc4d312d8db620c03.jpg\",\"path\":\"uploads\\\\1578638043887e9e654e7a197cfecc4d312d8db620c03.jpg\",\"size\":120689}]','','1','','<p>网站优化网站优化网站优化网站优化网站优化网站优化网站优化网站优化网站优化网站优化网站优化网站优化网站优化网站优化网站优化网站优化网站优化网站优化网站优化网站优化网站优化网站优化网站优化网站优化网站优化网站优化</p>'),(5,'服务','0001','','','','[]','','1','',NULL),(6,'案例','0002','案例','','','[]','','1','',NULL),(7,'小程序','0002,0001','案例','','','[{\"fieldname\":\"Img\",\"originalname\":\"Penguins.jpg\",\"encoding\":\"7bit\",\"mimetype\":\"image/jpeg\",\"destination\":\"uploads/\",\"filename\":\"1578887294296Penguins.jpg\",\"path\":\"uploads\\\\1578887294296Penguins.jpg\",\"size\":777835}]','','1','',NULL),(8,'PC端','0002,0002','电脑网站','','','[]','','1','',NULL),(9,'移动端','0002,0003','手机网站','','','[]','','1','',NULL),(10,'响应式','0002,0004','响应式网站','','','[]','','1','',NULL),(11,'APP开发','0002,0005','app开发','','','[]','','1','',NULL),(12,'H5开发','0002,0006','H5宣传页','','','[]','','1','',NULL),(13,'新闻公告','0003','新闻公告','','','[]','','1','','');

#
# Structure for table "user"
#

DROP TABLE IF EXISTS `user`;
CREATE TABLE `user` (
  `Id` int(11) NOT NULL AUTO_INCREMENT,
  `name` varchar(855) CHARACTER SET utf8mb4 COLLATE utf8mb4_bin DEFAULT '',
  `email` varchar(255) CHARACTER SET utf8 DEFAULT NULL,
  `pwd` varchar(255) CHARACTER SET utf8 DEFAULT NULL,
  `openId` varchar(1255) CHARACTER SET utf8 DEFAULT NULL COMMENT '微信唯一标识Id号',
  `img` varchar(2000) CHARACTER SET utf8 DEFAULT NULL,
  PRIMARY KEY (`Id`)
) ENGINE=InnoDB AUTO_INCREMENT=36 DEFAULT CHARSET=utf8mb4;

#
# Data for table "user"
#

INSERT INTO `user` VALUES (4,'mu😁',NULL,NULL,'oPf5s5YbgGEabOvOyiSqZhSeXl18','https://wx.qlogo.cn/mmopen/vi_32/d71VXX4jicBicf0R4WA3tGBdTAh2zEhdfphsvzHvbBticzdicgDMeh0ibyCj7DWsKWEfiaXWJicQDhneviceicBfiar3EibFA/132'),(5,'潋别一殇',NULL,NULL,'ozZF85X6ncQ1dZPsTeZ6VufJ7XPc','https://wx.qlogo.cn/mmopen/vi_32/cCMbibRnC2VQyht0eSVV1J0SD2e19KLb45edxt54GYP55rMbu3gDiciaXXDETgY6Q9I8M4nIJZ3H8cvGJmibbSVvrg/132'),(6,'冯文欣',NULL,NULL,'oP6X25RERE3BdnueVMjr0DKlt-lY','https://wx.qlogo.cn/mmopen/vi_32/Q0j4TwGTfTIea3CJE1vqbicThHX9DX3XiaHiaUAd66HUyZWsOwu8NbPCIQSU2GZOjBOLXmia4FU2NWzOGngR5ibY05g/132'),(7,'小鹿乱撞',NULL,NULL,'o_3XF5H3yqpBc21KCjIstjT2E43I','https://wx.qlogo.cn/mmopen/vi_32/DYAIOgq83eqIQy3JmkxibpADsevkkZ25Wp0LaGiav0LzqNp9FP69r1fGI3iclMA1nLo9tru0FX3LrsaLR78Bj6nLw/132'),(8,'搁浅小时光',NULL,NULL,'oWIyf4qzN4ZWvwLR-A98ayGku9lc','https://wx.qlogo.cn/mmopen/vi_32/eRAJNCE9Q8zkwdVKcOvibap6rFHUQ5YMovj6ia21bfKTbwLRtdwPzN30X7qXyccMfQibEwuRsm9pDAqGVRC79fd3g/132'),(9,'蟑螂恶霸',NULL,NULL,'oYOlO5e-nyptOuXb4R4pVlKoJTLQ','https://wx.qlogo.cn/mmopen/vi_32/Q0j4TwGTfTJDfAySr4MTZKicp0JGvT23Rpo28vp0oTiaTial9ibiaqma2t2AUzlXaic6DPg9Fibn70JgLbSlx7yVUPmkA/132'),(10,'PPikPP',NULL,NULL,NULL,'https://wx.qlogo.cn/mmopen/vi_32/Q0j4TwGTfTJibuPgNeH0JzaHbVQL9TIfbZYANun03h1FkA8R5L3kf9Bw0EBrBVWrYG3dH5DEJ38R9QQa8ZKGrIQ/132'),(11,'尹',NULL,NULL,'orV9X45C-OqxGFlGkf7NXV2j3MZQ','https://wx.qlogo.cn/mmopen/vi_32/Q0j4TwGTfTJqQpp1BfLad0A7aMwqm4hkwldXicjuEZx83zIFicjdLCc48OjOiaVREiamge3O2BhMNvWubiayroSM5JQ/132'),(12,'如何',NULL,NULL,'o4S155MVJjv5p1RdVpJ4u-hGl_sM','https://wx.qlogo.cn/mmopen/vi_32/DYAIOgq83erOEXbQn4ShBlJEMqDvwDPlTFgtXgrSfqGblvCPgfiaUzgsZmpg15BFCbJibeCFiamls8hC5rhNo7SgA/132'),(13,'PPikPP',NULL,NULL,NULL,'https://wx.qlogo.cn/mmopen/vi_32/Q0j4TwGTfTJibuPgNeH0JzaHbVQL9TIfbZYANun03h1FkA8R5L3kf9Bw0EBrBVWrYG3dH5DEJ38R9QQa8ZKGrIQ/132'),(14,'高坚果',NULL,NULL,'onxf_41yKoci4uoSaQNVaCezXC8Y','https://wx.qlogo.cn/mmopen/vi_32/8ww9v1sMoMia4cCGZNhGb98l9NefU1dn8I2c0c21VEFoxvKx9O6YibvrSBQBFJfXb5WhKicRsG4Wroib740A7aTiaPg/132'),(15,'你好，时光',NULL,NULL,'olZ8C5Wu4gKkj8yPtzYyne0Y-FvI','https://wx.qlogo.cn/mmopen/vi_32/ALkIxRaHGxm55jprsqOXIXak1VCUo6Sn7LrLxfrqLribRw3gTGa5GNsD9JtPGQJYCn27RNvH4mTl6rHmjeJRrKw/132'),(16,'-',NULL,NULL,'o5aX25a_L3GRfMc0x88Qrs5Ch3GA','https://wx.qlogo.cn/mmopen/vi_32/3NMJgxhL5MIicTXukCU3PSjLuia1OMKoTBL2W1iawibNxuibOgYbN2ACMceUOEibz6vgwZFXoZtdsvmJ5EdrvYoYlr1g/132'),(17,'Reborn',NULL,NULL,'oPDXz5GAAJYEjedQ4SiHor80KlMM','https://wx.qlogo.cn/mmopen/vi_32/HqApQmTVphl58KzTwmxZRUFkKluicG2OOV2jZ2VXN4931pCjTJzrwtsr9Eo5k3aK3zqa1TFFJHgzbsY0IkfgYrA/132'),(18,'PPikPP',NULL,NULL,NULL,'https://wx.qlogo.cn/mmopen/vi_32/Q0j4TwGTfTJibuPgNeH0JzaHbVQL9TIfbZYANun03h1FkA8R5L3kf9Bw0EBrBVWrYG3dH5DEJ38R9QQa8ZKGrIQ/132'),(19,'PPikPP',NULL,NULL,NULL,'https://wx.qlogo.cn/mmopen/vi_32/Q0j4TwGTfTJibuPgNeH0JzaHbVQL9TIfbZYANun03h1FkA8R5L3kf9Bw0EBrBVWrYG3dH5DEJ38R9QQa8ZKGrIQ/132'),(20,'PPikPP',NULL,NULL,NULL,'https://wx.qlogo.cn/mmopen/vi_32/Q0j4TwGTfTJibuPgNeH0JzaHbVQL9TIfbZYANun03h1FkA8R5L3kf9Bw0EBrBVWrYG3dH5DEJ38R9QQa8ZKGrIQ/132'),(21,'PPikPP',NULL,NULL,NULL,'https://wx.qlogo.cn/mmopen/vi_32/Q0j4TwGTfTJibuPgNeH0JzaHbVQL9TIfbZYANun03h1FkA8R5L3kf9Bw0EBrBVWrYG3dH5DEJ38R9QQa8ZKGrIQ/132'),(22,'PPikPP',NULL,NULL,NULL,'https://wx.qlogo.cn/mmopen/vi_32/Q0j4TwGTfTJibuPgNeH0JzaHbVQL9TIfbZYANun03h1FkA8R5L3kf9Bw0EBrBVWrYG3dH5DEJ38R9QQa8ZKGrIQ/132'),(23,'PPikPP',NULL,NULL,NULL,'https://wx.qlogo.cn/mmopen/vi_32/Q0j4TwGTfTJibuPgNeH0JzaHbVQL9TIfbZYANun03h1FkA8R5L3kf9Bw0EBrBVWrYG3dH5DEJ38R9QQa8ZKGrIQ/132'),(24,'外婆的澎湖湾',NULL,NULL,'oiOQF5mSeMxy26pPuh-Iaerr0oeE','https://wx.qlogo.cn/mmopen/vi_32/Q0j4TwGTfTIemDxCoaj3hLQKTcesHcGzwx3vyHvPkd5P73doNUXqjXSVxo5fHg6iauqdfRsQyAV5I4iaWZz4J5pQ/132'),(25,'血染心扉',NULL,NULL,'oLIav4uxUi3F2mLLkCVVFm0W29JY','https://wx.qlogo.cn/mmopen/vi_32/Jnnf9XUib8ZVH6mC5BA9U22WHGpH7DUz6aQxqbwiblPptyicWqCY7CbhDiccKEwh4rHHUlXC8AeI2mTXwBFD8hhR8A/132'),(26,'return 1；',NULL,NULL,NULL,'https://wx.qlogo.cn/mmopen/vi_32/Rflbia3c3hh50iabSjHWHuNh23RnAmDH1f6Qfh3aicBHBs0VOmV3fVsurQjGmcibxREgwv5ZjEda28XRcr0zV9Yk4g/132'),(27,'Hanamichi Sakuragi.',NULL,NULL,'oflUa4wsPrXVXUlJRutdOgxcv-4Q','https://wx.qlogo.cn/mmopen/vi_32/Q0j4TwGTfTJ20yqJepG7FMTLpgqYBwqqRibnUa3dBLp5ZDK3IYUdcq3ib2AZ1k7zCzmsNX6FHBsCRY06jUhZKTAA/132'),(28,'PPikPP',NULL,NULL,'oWhab5dh35w0tt5ukOaaEAS5uzdo','https://wx.qlogo.cn/mmopen/vi_32/Q0j4TwGTfTJibuPgNeH0JzaHbVQL9TIfbZYANun03h1FkA8R5L3kf9Bw0EBrBVWrYG3dH5DEJ38R9QQa8ZKGrIQ/132'),(29,'return 1；',NULL,NULL,'oHpgp465vpdkN9xIClfG-qkSPp54','https://wx.qlogo.cn/mmopen/vi_32/Rflbia3c3hh50iabSjHWHuNh23RnAmDH1f6Qfh3aicBHBs0VOmV3fVsurQjGmcibxREgwv5ZjEda28XRcr0zV9Yk4g/132'),(30,'shameless',NULL,NULL,NULL,'https://wx.qlogo.cn/mmopen/vi_32/Q0j4TwGTfTK5cia5d2VyH3FcsUG3lS2jYMZeXZWfrndY6X7qgafAicG7NMbcwttibcyJPhWToricbkVibZj7gtyh4Pg/132'),(31,'shameless',NULL,NULL,NULL,'https://wx.qlogo.cn/mmopen/vi_32/Q0j4TwGTfTK5cia5d2VyH3FcsUG3lS2jYMZeXZWfrndY6X7qgafAicG7NMbcwttibcyJPhWToricbkVibZj7gtyh4Pg/132'),(32,'-',NULL,NULL,NULL,'https://wx.qlogo.cn/mmopen/vi_32/3NMJgxhL5MIicTXukCU3PSjLuia1OMKoTBL2W1iawibNxuibOgYbN2ACMceUOEibz6vgwZFXoZtdsvmJ5EdrvYoYlr1g/132'),(33,'-',NULL,NULL,NULL,'https://wx.qlogo.cn/mmopen/vi_32/3NMJgxhL5MIicTXukCU3PSjLuia1OMKoTBL2W1iawibNxuibOgYbN2ACMceUOEibz6vgwZFXoZtdsvmJ5EdrvYoYlr1g/132'),(34,'-',NULL,NULL,NULL,'https://wx.qlogo.cn/mmopen/vi_32/3NMJgxhL5MIicTXukCU3PSjLuia1OMKoTBL2W1iawibNxuibOgYbN2ACMceUOEibz6vgwZFXoZtdsvmJ5EdrvYoYlr1g/132'),(35,'-',NULL,NULL,NULL,'https://wx.qlogo.cn/mmopen/vi_32/3NMJgxhL5MIicTXukCU3PSjLuia1OMKoTBL2W1iawibNxuibOgYbN2ACMceUOEibz6vgwZFXoZtdsvmJ5EdrvYoYlr1g/132');

#
# Structure for table "基本信息"
#

DROP TABLE IF EXISTS `基本信息`;
CREATE TABLE `基本信息` (
  `Id` int(11) NOT NULL AUTO_INCREMENT,
  `标题` varchar(255) DEFAULT NULL,
  `关键字` varchar(255) DEFAULT NULL,
  `描述` varchar(355) DEFAULT NULL,
  `Logo` varchar(255) DEFAULT NULL,
  `备案号` varchar(255) DEFAULT NULL,
  `客服电话号码1` varchar(555) DEFAULT NULL,
  `客服电话号码2` varchar(255) DEFAULT NULL,
  `公司地址` varchar(655) DEFAULT NULL,
  `公司名称` varchar(255) DEFAULT NULL,
  `微信号码` varchar(255) DEFAULT NULL,
  `QQ号码` varchar(255) DEFAULT NULL,
  `公司介绍` varchar(455) DEFAULT NULL,
  `Img` varchar(1055) DEFAULT NULL,
  PRIMARY KEY (`Id`)
) ENGINE=InnoDB AUTO_INCREMENT=2 DEFAULT CHARSET=utf8;

#
# Data for table "基本信息"
#

INSERT INTO `基本信息` VALUES (1,'小胡工作室','','','uploads\\1578999337748u=3870921604,1496473344&fm=26&gp=0.jpg','123123','15189770778','15189770778','常州市','常州好公司','23423','234','<p>介绍内容介绍内容介绍内容介绍内容介绍内容介绍内容介绍内容介绍内容介绍内容介绍内容介绍内容介绍内容介绍内容介绍内容介绍内<img src=\"http://img.baidu.com/hi/jx2/j_0014.gif\"/>容介绍内容介绍内容介绍内容介绍内容介绍内容介绍内容介绍内容介绍内容介绍内容介绍内容介绍内容介绍内容介绍内容介绍内容介绍内容介绍内容介绍内容介绍内容介绍内容介绍内容介绍内容介绍内容介绍内容介绍内容介绍内容介绍内容介绍内容介绍内容介绍内容介绍内容介绍内容介绍内容介绍内容介绍内容介绍内容介绍内容介绍内容介绍内容介绍内容介绍内容介绍内容介绍内容介绍内容介绍内容介绍内容介绍内容介绍内容介绍内容</p>','uploads\\15789993271841571972157100051.png');
